system:index,Percent,.geo
0,98.89687148885683,"{""type"":""MultiPoint"",""coordinates"":[]}"
1,98.92350770284682,"{""type"":""MultiPoint"",""coordinates"":[]}"
2,98.89963670196265,"{""type"":""MultiPoint"",""coordinates"":[]}"
3,98.86247024692405,"{""type"":""MultiPoint"",""coordinates"":[]}"
4,98.84701824229694,"{""type"":""MultiPoint"",""coordinates"":[]}"
5,98.8511557823057,"{""type"":""MultiPoint"",""coordinates"":[]}"
6,98.85243485687441,"{""type"":""MultiPoint"",""coordinates"":[]}"
7,98.82047006565698,"{""type"":""MultiPoint"",""coordinates"":[]}"
8,98.79213211048842,"{""type"":""MultiPoint"",""coordinates"":[]}"
9,98.80251099529033,"{""type"":""MultiPoint"",""coordinates"":[]}"
10,98.78755553167072,"{""type"":""MultiPoint"",""coordinates"":[]}"
11,98.7951374511762,"{""type"":""MultiPoint"",""coordinates"":[]}"
12,98.80046108734712,"{""type"":""MultiPoint"",""coordinates"":[]}"
13,98.75493267758047,"{""type"":""MultiPoint"",""coordinates"":[]}"
14,98.70673601102243,"{""type"":""MultiPoint"",""coordinates"":[]}"
15,98.7322291383324,"{""type"":""MultiPoint"",""coordinates"":[]}"
16,98.74045549657427,"{""type"":""MultiPoint"",""coordinates"":[]}"
17,98.73600643699922,"{""type"":""MultiPoint"",""coordinates"":[]}"
18,98.71920620417427,"{""type"":""MultiPoint"",""coordinates"":[]}"
19,98.68630422956704,"{""type"":""MultiPoint"",""coordinates"":[]}"
20,98.65336678661116,"{""type"":""MultiPoint"",""coordinates"":[]}"
21,98.6436426336599,"{""type"":""MultiPoint"",""coordinates"":[]}"
22,98.65741464879086,"{""type"":""MultiPoint"",""coordinates"":[]}"
23,98.68405105687425,"{""type"":""MultiPoint"",""coordinates"":[]}"
24,98.68768861705914,"{""type"":""MultiPoint"",""coordinates"":[]}"
25,98.65415497084672,"{""type"":""MultiPoint"",""coordinates"":[]}"
26,98.63590333195947,"{""type"":""MultiPoint"",""coordinates"":[]}"
27,98.63706553848432,"{""type"":""MultiPoint"",""coordinates"":[]}"
28,98.63122425748698,"{""type"":""MultiPoint"",""coordinates"":[]}"
29,98.61841140846106,"{""type"":""MultiPoint"",""coordinates"":[]}"
30,98.58673421961683,"{""type"":""MultiPoint"",""coordinates"":[]}"
31,98.54211626249264,"{""type"":""MultiPoint"",""coordinates"":[]}"
32,98.52910384914287,"{""type"":""MultiPoint"",""coordinates"":[]}"
33,98.51998165362217,"{""type"":""MultiPoint"",""coordinates"":[]}"
34,98.50196500065545,"{""type"":""MultiPoint"",""coordinates"":[]}"
35,98.45003631978196,"{""type"":""MultiPoint"",""coordinates"":[]}"
