system:index,maximum_2m_air_temperature,mean_2m_air_temperature,minimum_2m_air_temperature,system:time_end,system:time_start,total_precipitation,.geo
19880101,303.2446921086615,298.68167359891424,295.82626960811103,5.6808E11,5.679936E11,0.006684775804637947,"{""type"":""MultiPoint"",""coordinates"":[]}"
19880102,302.9399519934082,299.2947969929514,296.9183997847523,5.681664E11,5.6808E11,0.011774290582692404,"{""type"":""MultiPoint"",""coordinates"":[]}"
19880103,302.34863367464067,298.50621134360716,296.5342530681059,5.682528E11,5.681664E11,0.015834052975594672,"{""type"":""MultiPoint"",""coordinates"":[]}"
19880104,301.5876416082622,298.09010507222615,296.2709287685357,5.683392E11,5.682528E11,0.016191674585991803,"{""type"":""MultiPoint"",""coordinates"":[]}"
19880105,303.73992710508315,298.65929543714594,296.36264664200877,5.684256E11,5.683392E11,0.009419333178931837,"{""type"":""MultiPoint"",""coordinates"":[]}"
19880106,302.88619788169325,299.0203934402384,296.6345451923999,5.68512E11,5.684256E11,0.008044765743411427,"{""type"":""MultiPoint"",""coordinates"":[]}"
19880107,304.14219788429165,299.4297179189504,296.1975452460397,5.685984E11,5.68512E11,0.010837313476409694,"{""type"":""MultiPoint"",""coordinates"":[]}"
19880108,304.72083400547416,299.6898151859275,296.5948227184206,5.686848E11,5.685984E11,0.0054700397218325324,"{""type"":""MultiPoint"",""coordinates"":[]}"
19880109,304.2142009533705,299.5784611286808,296.3586643671635,5.687712E11,5.686848E11,0.008371286708514407,"{""type"":""MultiPoint"",""coordinates"":[]}"
19880110,303.5384270579256,299.10582166492156,296.6051282468463,5.688576E11,5.687712E11,0.009637424222986104,"{""type"":""MultiPoint"",""coordinates"":[]}"
19880111,301.9121173340738,298.4148158292173,296.02907313582585,5.68944E11,5.688576E11,0.01663624844781737,"{""type"":""MultiPoint"",""coordinates"":[]}"
19880112,300.5878919632737,297.8820960983015,296.434931992521,5.690304E11,5.68944E11,0.016219513413577233,"{""type"":""MultiPoint"",""coordinates"":[]}"
19880113,302.113429714238,298.0309170852168,295.88096956579244,5.691168E11,5.690304E11,0.0076312936184524515,"{""type"":""MultiPoint"",""coordinates"":[]}"
19880114,301.9213308445357,298.01957274924655,295.8416987448272,5.692032E11,5.691168E11,0.013916029482876471,"{""type"":""MultiPoint"",""coordinates"":[]}"
19880115,302.0390336420852,298.37300434696533,296.06112461569916,5.692896E11,5.692032E11,0.010316602401600388,"{""type"":""MultiPoint"",""coordinates"":[]}"
19880116,302.5088037171949,298.34017011115105,295.4886899371071,5.69376E11,5.692896E11,0.01190786145119348,"{""type"":""MultiPoint"",""coordinates"":[]}"
19880117,302.50237395094933,298.55112164772373,295.9410698849525,5.694624E11,5.69376E11,0.00969139025075279,"{""type"":""MultiPoint"",""coordinates"":[]}"
19880118,300.4474990560319,297.43425387447115,295.3751714036483,5.695488E11,5.694624E11,0.01245991487554306,"{""type"":""MultiPoint"",""coordinates"":[]}"
19880119,301.70914862644963,297.77993304997847,295.5053394598096,5.696352E11,5.695488E11,0.014493732529690285,"{""type"":""MultiPoint"",""coordinates"":[]}"
19880120,301.59584322630093,297.8842142663228,295.80675142796343,5.697216E11,5.696352E11,0.00660444691211995,"{""type"":""MultiPoint"",""coordinates"":[]}"
19880121,303.2805637018139,298.31323539005416,295.8135251756847,5.69808E11,5.697216E11,0.013907484172227425,"{""type"":""MultiPoint"",""coordinates"":[]}"
19880122,302.0136016598281,297.95698467483436,295.4085542017079,5.698944E11,5.69808E11,0.009933086447794478,"{""type"":""MultiPoint"",""coordinates"":[]}"
19880123,300.88347050567904,297.7669196015256,295.7841467008315,5.699808E11,5.698944E11,0.009692691659117717,"{""type"":""MultiPoint"",""coordinates"":[]}"
19880124,302.34526831519236,298.1382050605487,295.84922278641767,5.700672E11,5.699808E11,0.011725556424240327,"{""type"":""MultiPoint"",""coordinates"":[]}"
19880125,301.44107655421647,297.73963586129526,295.80204322960935,5.701536E11,5.700672E11,0.0143804833483621,"{""type"":""MultiPoint"",""coordinates"":[]}"
19880126,303.95356767365485,298.10092099998286,294.8255146234811,5.7024E11,5.701536E11,0.007236502868056478,"{""type"":""MultiPoint"",""coordinates"":[]}"
19880127,302.85259936135026,298.42488139253487,295.8993031337008,5.703264E11,5.7024E11,0.01115221218217793,"{""type"":""MultiPoint"",""coordinates"":[]}"
19880128,302.1051084601168,298.4070309015724,296.36031063886355,5.704128E11,5.703264E11,0.013463885143667621,"{""type"":""MultiPoint"",""coordinates"":[]}"
19880129,302.6131610544611,298.1244293256249,295.7180485216719,5.704992E11,5.704128E11,0.011582137348757585,"{""type"":""MultiPoint"",""coordinates"":[]}"
19880130,304.4644086341067,298.82376164951324,294.99156307785523,5.705856E11,5.704992E11,0.005247012778408372,"{""type"":""MultiPoint"",""coordinates"":[]}"
19880131,300.1900522874354,297.6061987036349,295.9054469990515,5.70672E11,5.705856E11,0.01823953789518287,"{""type"":""MultiPoint"",""coordinates"":[]}"
19880201,303.3634669605964,298.42927887070846,295.8990675566689,5.707584E11,5.70672E11,0.013797929923008604,"{""type"":""MultiPoint"",""coordinates"":[]}"
19880202,301.65346036108633,298.09846935772237,295.9075220991373,5.708448E11,5.707584E11,0.014828965425234137,"{""type"":""MultiPoint"",""coordinates"":[]}"
19880203,300.33151440586784,297.4691503649816,295.6121594686185,5.709312E11,5.708448E11,0.018761110027258575,"{""type"":""MultiPoint"",""coordinates"":[]}"
19880204,300.6100442526221,297.3088185817289,295.5523076016382,5.710176E11,5.709312E11,0.027296334915150582,"{""type"":""MultiPoint"",""coordinates"":[]}"
19880205,303.1630349717073,298.1942567659251,295.3522612074032,5.71104E11,5.710176E11,0.01482432222939474,"{""type"":""MultiPoint"",""coordinates"":[]}"
19880206,303.73855499929874,298.9302007416748,295.6448557516817,5.711904E11,5.71104E11,0.007359960308325496,"{""type"":""MultiPoint"",""coordinates"":[]}"
19880207,303.1877371202129,298.72431908687884,295.99889230110375,5.712768E11,5.711904E11,0.011804155532417102,"{""type"":""MultiPoint"",""coordinates"":[]}"
19880208,302.0481803978425,298.1011318708105,296.31305642524256,5.713632E11,5.712768E11,0.014091900581380781,"{""type"":""MultiPoint"",""coordinates"":[]}"
19880209,302.42075396682736,298.3576087665765,295.9319361930962,5.714496E11,5.713632E11,0.007696778866476753,"{""type"":""MultiPoint"",""coordinates"":[]}"
19880210,303.72546885298044,298.95228853199916,296.1639683191809,5.71536E11,5.714496E11,0.008512665415655717,"{""type"":""MultiPoint"",""coordinates"":[]}"
19880211,302.3596866486398,298.5624083775459,296.074562623495,5.716224E11,5.71536E11,0.010370575305891985,"{""type"":""MultiPoint"",""coordinates"":[]}"
19880212,302.6047396865633,298.52836241626557,296.1545982060067,5.717088E11,5.716224E11,0.010062398999259776,"{""type"":""MultiPoint"",""coordinates"":[]}"
19880213,302.84906253108437,298.56988232568773,295.8931995219988,5.717952E11,5.717088E11,0.009623046345462632,"{""type"":""MultiPoint"",""coordinates"":[]}"
19880214,302.0920294557945,298.2108540644837,296.03042067399485,5.718816E11,5.717952E11,0.013107653200958278,"{""type"":""MultiPoint"",""coordinates"":[]}"
19880215,302.67099123243116,298.5030780888205,295.85582431596265,5.71968E11,5.718816E11,0.0150654943822279,"{""type"":""MultiPoint"",""coordinates"":[]}"
19880216,302.8966583803754,298.53695359616734,296.4495142823862,5.720544E11,5.71968E11,0.017164000942674132,"{""type"":""MultiPoint"",""coordinates"":[]}"
19880217,300.425556959872,297.5487040685322,296.07292261634564,5.721408E11,5.720544E11,0.026187680808228034,"{""type"":""MultiPoint"",""coordinates"":[]}"
19880218,299.980471134066,297.41481948523887,296.09183962834715,5.722272E11,5.721408E11,0.01602608354313983,"{""type"":""MultiPoint"",""coordinates"":[]}"
19880219,303.04012149813633,298.5981851989643,295.84013294216436,5.723136E11,5.722272E11,0.00784278412817375,"{""type"":""MultiPoint"",""coordinates"":[]}"
19880220,302.63455924682745,298.56652734423943,296.4420265280863,5.724E11,5.723136E11,0.014842141708493253,"{""type"":""MultiPoint"",""coordinates"":[]}"
19880221,302.46159148660604,298.6218145431751,296.0939197082746,5.724864E11,5.724E11,0.008152652126177894,"{""type"":""MultiPoint"",""coordinates"":[]}"
19880222,302.0789886713522,298.9443236430639,296.6343947726151,5.725728E11,5.724864E11,0.009011086410853542,"{""type"":""MultiPoint"",""coordinates"":[]}"
19880223,303.7868526457569,299.3864146846288,296.90717491736746,5.726592E11,5.725728E11,0.008735514465025417,"{""type"":""MultiPoint"",""coordinates"":[]}"
19880224,299.86005436364763,297.66109159808246,296.40206637443714,5.727456E11,5.726592E11,0.03650072730866562,"{""type"":""MultiPoint"",""coordinates"":[]}"
19880225,300.76851637494326,297.8106911373637,296.19393767770606,5.72832E11,5.727456E11,0.02718767374979171,"{""type"":""MultiPoint"",""coordinates"":[]}"
19880226,301.30711578453275,297.9137451054539,296.0305900702326,5.729184E11,5.72832E11,0.009652190433870484,"{""type"":""MultiPoint"",""coordinates"":[]}"
19880227,300.2351006378289,297.5284610956916,296.1459530394182,5.730048E11,5.729184E11,0.022800798577844734,"{""type"":""MultiPoint"",""coordinates"":[]}"
19880228,300.6830597880343,297.6139440127585,295.92513488152235,5.730912E11,5.730048E11,0.0177894963912988,"{""type"":""MultiPoint"",""coordinates"":[]}"
19880229,302.2268331918445,298.05562055754217,296.1606481957739,5.731776E11,5.730912E11,0.008840092337565662,"{""type"":""MultiPoint"",""coordinates"":[]}"
19880301,303.0437893219581,298.1981807459299,295.8228399741014,5.73264E11,5.731776E11,0.003935127352412283,"{""type"":""MultiPoint"",""coordinates"":[]}"
19880302,305.29346307643885,299.418162538704,295.8092595140972,5.733504E11,5.73264E11,0.0025256292490899953,"{""type"":""MultiPoint"",""coordinates"":[]}"
19880303,305.1658391080222,299.9686144347161,296.5962884557703,5.734368E11,5.733504E11,0.006272240529135284,"{""type"":""MultiPoint"",""coordinates"":[]}"
19880304,302.7407113727466,298.8830675168641,296.64902351861235,5.735232E11,5.734368E11,0.013420279310520653,"{""type"":""MultiPoint"",""coordinates"":[]}"
19880305,300.88701559600327,297.87409726788167,296.04414187297846,5.736096E11,5.735232E11,0.019897919828023126,"{""type"":""MultiPoint"",""coordinates"":[]}"
19880306,303.232078179204,298.6906902011502,296.03631419623724,5.73696E11,5.736096E11,0.0058577198475421545,"{""type"":""MultiPoint"",""coordinates"":[]}"
19880307,303.88739205060324,299.2032328645423,296.4835586953837,5.737824E11,5.73696E11,0.00418077064927425,"{""type"":""MultiPoint"",""coordinates"":[]}"
19880308,303.6446047003253,299.0340886517098,296.03780164015285,5.738688E11,5.737824E11,0.007827080876965506,"{""type"":""MultiPoint"",""coordinates"":[]}"
19880309,302.89698513348645,298.8177433982652,296.4000636695321,5.739552E11,5.738688E11,0.010669487129227533,"{""type"":""MultiPoint"",""coordinates"":[]}"
19880310,301.29842753980637,298.1766424862719,296.412729903056,5.740416E11,5.739552E11,0.0168933511087082,"{""type"":""MultiPoint"",""coordinates"":[]}"
19880311,303.1289165982416,298.3550203967576,296.14589833853216,5.74128E11,5.740416E11,0.010520586279314459,"{""type"":""MultiPoint"",""coordinates"":[]}"
19880312,300.867432371829,297.94143427978264,296.3529448001329,5.742144E11,5.74128E11,0.007378217647176932,"{""type"":""MultiPoint"",""coordinates"":[]}"
19880313,304.92712187998814,299.39589537885496,296.03847406756245,5.743008E11,5.742144E11,0.0020481055126611676,"{""type"":""MultiPoint"",""coordinates"":[]}"
19880314,304.5402596702484,299.46174637693997,296.2599524145481,5.743872E11,5.743008E11,0.007328530475491012,"{""type"":""MultiPoint"",""coordinates"":[]}"
19880315,301.3375432264193,298.15023058222584,296.4044307797694,5.744736E11,5.743872E11,0.009090107328732265,"{""type"":""MultiPoint"",""coordinates"":[]}"
19880316,303.1490596477586,298.6176231455906,295.80457672509374,5.7456E11,5.744736E11,0.006676234520007157,"{""type"":""MultiPoint"",""coordinates"":[]}"
19880317,299.63487844727797,297.01466598980466,295.2340240576291,5.746464E11,5.7456E11,0.01786723083936369,"{""type"":""MultiPoint"",""coordinates"":[]}"
19880318,301.608202722157,297.41580673607587,295.3856067072398,5.747328E11,5.746464E11,0.009025653017978995,"{""type"":""MultiPoint"",""coordinates"":[]}"
19880319,304.6309395345503,298.7734758848263,295.33339113276844,5.748192E11,5.747328E11,0.004465541600762967,"{""type"":""MultiPoint"",""coordinates"":[]}"
19880320,304.8144752388296,299.55644075114503,296.5620647030062,5.749056E11,5.748192E11,0.0040711237542818786,"{""type"":""MultiPoint"",""coordinates"":[]}"
19880321,302.1934800857823,298.37298753436704,296.0112385153983,5.74992E11,5.749056E11,0.011815591315144577,"{""type"":""MultiPoint"",""coordinates"":[]}"
19880322,302.34298632509103,298.05963399699635,295.87092136432676,5.750784E11,5.74992E11,0.011267009223571173,"{""type"":""MultiPoint"",""coordinates"":[]}"
19880323,302.02140591337366,297.97912912074094,295.88233793903385,5.751648E11,5.750784E11,0.004270804806936792,"{""type"":""MultiPoint"",""coordinates"":[]}"
19880324,301.65178763679404,298.15151348448234,296.4535876576393,5.752512E11,5.751648E11,0.0061345212842395256,"{""type"":""MultiPoint"",""coordinates"":[]}"
19880325,301.3144330780976,297.8371481805239,296.1083305315734,5.753376E11,5.752512E11,0.01010606381351454,"{""type"":""MultiPoint"",""coordinates"":[]}"
19880326,301.37515114248635,297.7378057775791,295.6799140993727,5.75424E11,5.753376E11,0.012069964824372082,"{""type"":""MultiPoint"",""coordinates"":[]}"
19880327,302.2601073388916,297.9478480088465,295.79923287805786,5.755104E11,5.75424E11,0.017287540841563576,"{""type"":""MultiPoint"",""coordinates"":[]}"
19880328,300.93097332452294,297.6936182289863,295.86136441909207,5.755968E11,5.755104E11,0.019466785517454312,"{""type"":""MultiPoint"",""coordinates"":[]}"
19880329,301.09145232811625,297.515278652313,295.7094642958634,5.756832E11,5.755968E11,0.021747832184963244,"{""type"":""MultiPoint"",""coordinates"":[]}"
19880330,301.7667164525558,297.935096691196,295.369272685604,5.757696E11,5.756832E11,0.00812879350443545,"{""type"":""MultiPoint"",""coordinates"":[]}"
19880331,304.151713530085,298.9889827529845,295.53757110928115,5.75856E11,5.757696E11,0.003715770057452704,"{""type"":""MultiPoint"",""coordinates"":[]}"
19880401,302.53202958455427,298.6993763917025,296.11655590865183,5.759424E11,5.75856E11,0.0039984942630136334,"{""type"":""MultiPoint"",""coordinates"":[]}"
19880402,302.50733831738967,298.73597584435504,296.4162157139645,5.760288E11,5.759424E11,0.01545653378511697,"{""type"":""MultiPoint"",""coordinates"":[]}"
19880403,303.0704248180869,298.4272987770221,295.84936704623107,5.761152E11,5.760288E11,0.012308733766777123,"{""type"":""MultiPoint"",""coordinates"":[]}"
19880404,301.5313105156609,297.9295481392555,296.0849020730001,5.762016E11,5.761152E11,0.018025651008096815,"{""type"":""MultiPoint"",""coordinates"":[]}"
19880405,304.0011364122697,298.65430174516075,295.82871655025815,5.76288E11,5.762016E11,0.006326429127610617,"{""type"":""MultiPoint"",""coordinates"":[]}"
19880406,302.0262864854976,298.43961018514017,296.1809772449684,5.763744E11,5.76288E11,0.011570067745815432,"{""type"":""MultiPoint"",""coordinates"":[]}"
19880407,302.56143766893166,298.4418946205246,296.04855278065486,5.764608E11,5.763744E11,0.00558801528214399,"{""type"":""MultiPoint"",""coordinates"":[]}"
19880408,302.54838559588507,298.5532904167855,296.4710719912291,5.765472E11,5.764608E11,0.007535521359547263,"{""type"":""MultiPoint"",""coordinates"":[]}"
19880409,303.26438780226516,298.85570478020827,295.99091432701204,5.766336E11,5.765472E11,0.005304119289934329,"{""type"":""MultiPoint"",""coordinates"":[]}"
19880410,302.3758779383392,298.4155224336276,296.10022157922987,5.7672E11,5.766336E11,0.016102347002758737,"{""type"":""MultiPoint"",""coordinates"":[]}"
19880411,300.691722340281,297.8080558012701,295.9225459777543,5.768064E11,5.7672E11,0.018845723353829058,"{""type"":""MultiPoint"",""coordinates"":[]}"
19880412,300.6198431057578,297.4257418967524,295.64125315128626,5.768928E11,5.768064E11,0.015682199235400544,"{""type"":""MultiPoint"",""coordinates"":[]}"
19880413,300.5979679768616,297.63336360360535,295.724693767033,5.769792E11,5.768928E11,0.012448578725052298,"{""type"":""MultiPoint"",""coordinates"":[]}"
19880414,303.0596280334299,298.2786492073594,295.82101676710687,5.770656E11,5.769792E11,0.011556061165245327,"{""type"":""MultiPoint"",""coordinates"":[]}"
19880415,302.8275918610642,298.5070094378343,295.72207476145303,5.77152E11,5.770656E11,0.009056849473488433,"{""type"":""MultiPoint"",""coordinates"":[]}"
19880416,301.63974542495276,297.82566881321924,295.8416040402622,5.772384E11,5.77152E11,0.0067755149122800465,"{""type"":""MultiPoint"",""coordinates"":[]}"
19880417,302.51359009234574,298.1563633698308,295.84112887052606,5.773248E11,5.772384E11,0.007701950775695989,"{""type"":""MultiPoint"",""coordinates"":[]}"
19880418,304.8219670241058,299.1773386098032,296.13967787187505,5.774112E11,5.773248E11,0.004867110296072325,"{""type"":""MultiPoint"",""coordinates"":[]}"
19880419,302.33238912945916,298.67170805839777,296.1965322636123,5.774976E11,5.774112E11,0.017708982089277764,"{""type"":""MultiPoint"",""coordinates"":[]}"
19880420,299.13239445262644,297.21467831246815,296.07993330573015,5.77584E11,5.774976E11,0.01594771288356702,"{""type"":""MultiPoint"",""coordinates"":[]}"
19880421,302.00130258525655,297.8758602661507,295.3842245150868,5.776704E11,5.77584E11,0.011381147492087337,"{""type"":""MultiPoint"",""coordinates"":[]}"
19880422,301.85308830578555,297.9656847234095,295.4455968364574,5.777568E11,5.776704E11,0.013117986287871529,"{""type"":""MultiPoint"",""coordinates"":[]}"
19880423,301.1998139052656,297.93779736379787,295.83032981403403,5.778432E11,5.777568E11,0.010741307316383493,"{""type"":""MultiPoint"",""coordinates"":[]}"
19880424,303.21999886129345,298.57349260968005,295.71083131722696,5.779296E11,5.778432E11,0.005018971767310254,"{""type"":""MultiPoint"",""coordinates"":[]}"
19880425,303.1525654324488,298.37176934199357,295.50988051080446,5.78016E11,5.779296E11,0.008021499831281855,"{""type"":""MultiPoint"",""coordinates"":[]}"
19880426,302.61453558257244,298.20920590950755,296.18230418613155,5.781024E11,5.78016E11,0.008766669808376218,"{""type"":""MultiPoint"",""coordinates"":[]}"
19880427,302.0372676416271,298.07271774054306,295.54461970990974,5.781888E11,5.781024E11,0.010559976189505334,"{""type"":""MultiPoint"",""coordinates"":[]}"
19880428,303.48865239911714,298.4704617825066,295.72758869596964,5.782752E11,5.781888E11,0.007866687416191506,"{""type"":""MultiPoint"",""coordinates"":[]}"
19880429,300.952562265994,297.64219931949265,295.8543714137995,5.783616E11,5.782752E11,0.018407455233797488,"{""type"":""MultiPoint"",""coordinates"":[]}"
19880430,301.8768863626431,298.02304830288875,295.6446744359629,5.78448E11,5.783616E11,0.01221791755562589,"{""type"":""MultiPoint"",""coordinates"":[]}"
19880501,302.6692361711301,298.1975230089255,295.63242797749507,5.785344E11,5.78448E11,0.008907222869811616,"{""type"":""MultiPoint"",""coordinates"":[]}"
19880502,301.8158510499493,297.9765033005065,295.16248712366144,5.786208E11,5.785344E11,0.014019308166107558,"{""type"":""MultiPoint"",""coordinates"":[]}"
19880503,301.2090313259701,297.55287108300274,295.10674629745984,5.787072E11,5.786208E11,0.013574151076603517,"{""type"":""MultiPoint"",""coordinates"":[]}"
19880504,301.2728615328959,297.94305210763406,295.6448730404129,5.787936E11,5.787072E11,0.006284944329771866,"{""type"":""MultiPoint"",""coordinates"":[]}"
19880505,301.39653141184425,297.8885097372405,295.5563680303232,5.7888E11,5.787936E11,0.005978018002638488,"{""type"":""MultiPoint"",""coordinates"":[]}"
19880506,302.6962643146338,298.4395698464674,295.8328315684483,5.789664E11,5.7888E11,0.009324528047702814,"{""type"":""MultiPoint"",""coordinates"":[]}"
19880507,301.5049217669855,298.04352722771614,296.0495267193216,5.790528E11,5.789664E11,0.009802195608744148,"{""type"":""MultiPoint"",""coordinates"":[]}"
19880508,301.4838343237078,298.0516647897046,295.5567132480441,5.791392E11,5.790528E11,0.006339672874114714,"{""type"":""MultiPoint"",""coordinates"":[]}"
19880509,299.9464307265376,297.4359346233058,295.6435404834304,5.792256E11,5.791392E11,0.010821691801228127,"{""type"":""MultiPoint"",""coordinates"":[]}"
19880510,301.8286527118686,298.02585688764657,295.77913723523835,5.79312E11,5.792256E11,0.00664896361948199,"{""type"":""MultiPoint"",""coordinates"":[]}"
19880511,302.74068487084054,298.44300432513114,295.27544217745594,5.793984E11,5.79312E11,0.004148202349151555,"{""type"":""MultiPoint"",""coordinates"":[]}"
19880512,304.60228155869044,299.53895112567625,295.4465188485635,5.794848E11,5.793984E11,0.002330501468387342,"{""type"":""MultiPoint"",""coordinates"":[]}"
19880513,303.02696091521653,298.9267176532272,296.29696834928603,5.795712E11,5.794848E11,0.006373196955024731,"{""type"":""MultiPoint"",""coordinates"":[]}"
19880514,301.6373655563493,297.93801219248166,295.42300139221953,5.796576E11,5.795712E11,0.006317736974534912,"{""type"":""MultiPoint"",""coordinates"":[]}"
19880515,301.8573026368287,298.1129065979032,295.4639634165409,5.79744E11,5.796576E11,0.005067391068026016,"{""type"":""MultiPoint"",""coordinates"":[]}"
19880516,301.01270966536055,297.3498880633291,295.1264568872263,5.798304E11,5.79744E11,0.007618510633108388,"{""type"":""MultiPoint"",""coordinates"":[]}"
19880517,303.2137580799096,298.37447643729035,295.38690194559376,5.799168E11,5.798304E11,0.0032126466775744705,"{""type"":""MultiPoint"",""coordinates"":[]}"
19880518,303.3068229329455,298.8504630781668,295.7866514455315,5.800032E11,5.799168E11,0.004602312555125256,"{""type"":""MultiPoint"",""coordinates"":[]}"
19880519,302.7708477893561,298.5623648598348,295.8919982638077,5.800896E11,5.800032E11,0.0076802297050907915,"{""type"":""MultiPoint"",""coordinates"":[]}"
19880520,302.722815603231,298.5078057440117,296.0770065183905,5.80176E11,5.800896E11,0.00510799577394565,"{""type"":""MultiPoint"",""coordinates"":[]}"
19880521,302.3954709785065,298.1504752380948,295.1847364217188,5.802624E11,5.80176E11,0.002903056038631852,"{""type"":""MultiPoint"",""coordinates"":[]}"
19880522,303.0664634616375,298.6534063990565,295.69580939925805,5.803488E11,5.802624E11,0.007335866762649658,"{""type"":""MultiPoint"",""coordinates"":[]}"
19880523,302.1394784409944,298.51350671804676,295.8143880971276,5.804352E11,5.803488E11,0.010036325761765788,"{""type"":""MultiPoint"",""coordinates"":[]}"
19880524,300.01203936524547,297.4340519081819,295.85323348725655,5.805216E11,5.804352E11,0.015880036972837998,"{""type"":""MultiPoint"",""coordinates"":[]}"
19880525,301.3238190192949,297.7648841539705,295.6184062280227,5.80608E11,5.805216E11,0.009631993390367122,"{""type"":""MultiPoint"",""coordinates"":[]}"
19880526,301.9962393931497,298.4340338100243,295.8746091559784,5.806944E11,5.80608E11,0.0035712441484348134,"{""type"":""MultiPoint"",""coordinates"":[]}"
19880527,303.2253522973091,298.81505322014607,295.8055605273669,5.807808E11,5.806944E11,0.005302698718621528,"{""type"":""MultiPoint"",""coordinates"":[]}"
19880528,301.7470068244081,297.9032421748142,295.4509122796059,5.808672E11,5.807808E11,0.007984651777720696,"{""type"":""MultiPoint"",""coordinates"":[]}"
19880529,301.459566184086,297.771462171895,295.23823680042835,5.809536E11,5.808672E11,0.008860518180842289,"{""type"":""MultiPoint"",""coordinates"":[]}"
19880530,303.24800745118284,298.648117378742,295.9747091877923,5.8104E11,5.809536E11,0.002106178590703359,"{""type"":""MultiPoint"",""coordinates"":[]}"
19880531,304.272833417239,299.0749599148679,295.50655576720624,5.811264E11,5.8104E11,0.0016891022743138013,"{""type"":""MultiPoint"",""coordinates"":[]}"
19880601,301.39423587830805,297.9998574865745,295.5964036714671,5.812128E11,5.811264E11,0.006270030934321148,"{""type"":""MultiPoint"",""coordinates"":[]}"
19880602,301.7929895850722,298.053539576363,295.2165990901788,5.812992E11,5.812128E11,0.006997660676935043,"{""type"":""MultiPoint"",""coordinates"":[]}"
19880603,301.9030380123611,297.70361394613553,295.0684376062114,5.813856E11,5.812992E11,0.003954657312334486,"{""type"":""MultiPoint"",""coordinates"":[]}"
19880604,301.44087372748646,297.74764314477744,295.44872262190694,5.81472E11,5.813856E11,0.01628757420752089,"{""type"":""MultiPoint"",""coordinates"":[]}"
19880605,300.56300355236715,297.08341666625364,294.71740142539096,5.815584E11,5.81472E11,0.003912835087632048,"{""type"":""MultiPoint"",""coordinates"":[]}"
19880606,300.51161177310496,297.05663940916,294.66050871854685,5.816448E11,5.815584E11,0.01281367812920221,"{""type"":""MultiPoint"",""coordinates"":[]}"
19880607,302.0569053286211,297.7914668163349,294.9593831602402,5.817312E11,5.816448E11,0.0010754580537393151,"{""type"":""MultiPoint"",""coordinates"":[]}"
19880608,302.9217436782519,298.1588534105218,293.90892811494797,5.818176E11,5.817312E11,8.72893295826159E-4,"{""type"":""MultiPoint"",""coordinates"":[]}"
19880609,303.79709922720974,298.9341264527633,295.1657499674117,5.81904E11,5.818176E11,6.655977452344814E-4,"{""type"":""MultiPoint"",""coordinates"":[]}"
19880610,304.0775712606574,298.9508356774495,295.3421168899777,5.819904E11,5.81904E11,0.004010023567932975,"{""type"":""MultiPoint"",""coordinates"":[]}"
19880611,302.2134136733155,298.2073145517181,295.0995286806497,5.820768E11,5.819904E11,0.0038168867100311916,"{""type"":""MultiPoint"",""coordinates"":[]}"
19880612,302.3150357426619,298.34305281027014,295.17781193367347,5.821632E11,5.820768E11,0.0026040585379526206,"{""type"":""MultiPoint"",""coordinates"":[]}"
19880613,301.6023975829632,297.94713233410164,295.1712026423096,5.822496E11,5.821632E11,0.004391045080204083,"{""type"":""MultiPoint"",""coordinates"":[]}"
19880614,300.8859197341152,297.8123959045604,295.41264863734636,5.82336E11,5.822496E11,0.009545719371872709,"{""type"":""MultiPoint"",""coordinates"":[]}"
19880615,301.37149394068285,297.69828764970407,295.223067197889,5.824224E11,5.82336E11,0.004881209173997083,"{""type"":""MultiPoint"",""coordinates"":[]}"
19880616,300.6496812369115,297.2742948710918,295.10816776973957,5.825088E11,5.824224E11,0.0026388961371973966,"{""type"":""MultiPoint"",""coordinates"":[]}"
19880617,303.08730831087223,297.98954970671946,294.80221899412663,5.825952E11,5.825088E11,0.0041331370390391775,"{""type"":""MultiPoint"",""coordinates"":[]}"
19880618,302.17598974441347,298.14633989922606,295.2799911458633,5.826816E11,5.825952E11,0.004991949745170418,"{""type"":""MultiPoint"",""coordinates"":[]}"
19880619,301.8420353164821,297.9523564302733,295.45652538838686,5.82768E11,5.826816E11,0.004156756259789925,"{""type"":""MultiPoint"",""coordinates"":[]}"
19880620,302.44369718715126,298.2457209650251,295.40278361957115,5.828544E11,5.82768E11,0.0029019826484069635,"{""type"":""MultiPoint"",""coordinates"":[]}"
19880621,302.2980396809692,298.3948817630005,295.91535230618564,5.829408E11,5.828544E11,0.006475957880740629,"{""type"":""MultiPoint"",""coordinates"":[]}"
19880622,302.968609492285,298.51542039882395,295.481432166126,5.830272E11,5.829408E11,0.0029602657184000596,"{""type"":""MultiPoint"",""coordinates"":[]}"
19880623,303.31352920241,298.54517792915385,295.1690076833793,5.831136E11,5.830272E11,0.0024233300956702725,"{""type"":""MultiPoint"",""coordinates"":[]}"
19880624,302.2981004840106,298.100014715572,295.18595323500676,5.832E11,5.831136E11,0.007206314312447672,"{""type"":""MultiPoint"",""coordinates"":[]}"
19880625,301.61532568201534,297.4318143736036,295.26780716200415,5.832864E11,5.832E11,0.009918969186257998,"{""type"":""MultiPoint"",""coordinates"":[]}"
19880626,302.4345459353375,297.87155185631735,295.30240079958224,5.833728E11,5.832864E11,0.004882190114842717,"{""type"":""MultiPoint"",""coordinates"":[]}"
19880627,300.7505423835686,297.34147650292186,295.1983488608595,5.834592E11,5.833728E11,0.011086265786691795,"{""type"":""MultiPoint"",""coordinates"":[]}"
19880628,301.9200220457423,297.74517023467365,294.9925160063007,5.835456E11,5.834592E11,0.0024782365444983557,"{""type"":""MultiPoint"",""coordinates"":[]}"
19880629,303.07575840105454,298.02216741592514,293.65928861739025,5.83632E11,5.835456E11,5.553245942048363E-4,"{""type"":""MultiPoint"",""coordinates"":[]}"
19880630,303.13993676922394,298.545312383177,294.18427627228033,5.837184E11,5.83632E11,1.4642006490454604E-4,"{""type"":""MultiPoint"",""coordinates"":[]}"
19880701,302.7940404447344,298.1224277226279,294.27470310927373,5.838048E11,5.837184E11,0.002415674233887108,"{""type"":""MultiPoint"",""coordinates"":[]}"
19880702,302.15279325956504,297.90705197131024,295.2820802374593,5.838912E11,5.838048E11,0.0032363169020206252,"{""type"":""MultiPoint"",""coordinates"":[]}"
19880703,303.11048499113633,298.24011864831004,294.85362641691046,5.839776E11,5.838912E11,0.0024727049647177493,"{""type"":""MultiPoint"",""coordinates"":[]}"
19880704,303.8770580213629,298.420493238067,294.9144343369593,5.84064E11,5.839776E11,7.925423844688502E-4,"{""type"":""MultiPoint"",""coordinates"":[]}"
19880705,304.5021577423299,298.7379488087992,294.8708859366264,5.841504E11,5.84064E11,7.59383107927888E-4,"{""type"":""MultiPoint"",""coordinates"":[]}"
19880706,303.3887249791397,298.7740059646069,294.75303367240826,5.842368E11,5.841504E11,0.001086746546425113,"{""type"":""MultiPoint"",""coordinates"":[]}"
19880707,303.7588255198377,298.5245017653582,294.6302509024624,5.843232E11,5.842368E11,8.32313990183945E-4,"{""type"":""MultiPoint"",""coordinates"":[]}"
19880708,304.3134051527442,298.92178589339886,295.0030119590406,5.844096E11,5.843232E11,5.00551326139597E-4,"{""type"":""MultiPoint"",""coordinates"":[]}"
19880709,303.3802947585679,298.8776482733086,294.65794256288575,5.84496E11,5.844096E11,0.0013530612069671993,"{""type"":""MultiPoint"",""coordinates"":[]}"
19880710,302.7174306336033,298.3657521195332,295.3709991712698,5.845824E11,5.84496E11,0.01052267821074682,"{""type"":""MultiPoint"",""coordinates"":[]}"
19880711,302.887435825086,298.2209544348281,294.6350490168435,5.846688E11,5.845824E11,0.00516303588867123,"{""type"":""MultiPoint"",""coordinates"":[]}"
19880712,301.35645075997195,297.770508872746,294.68442940772394,5.847552E11,5.846688E11,0.009416140374293886,"{""type"":""MultiPoint"",""coordinates"":[]}"
19880713,300.93805889093164,297.2119447832846,293.9461857484285,5.848416E11,5.847552E11,0.007738177123578992,"{""type"":""MultiPoint"",""coordinates"":[]}"
19880714,301.50698831623197,297.2632054295517,293.9031377375792,5.84928E11,5.848416E11,0.004987297317942725,"{""type"":""MultiPoint"",""coordinates"":[]}"
19880715,300.09611140059206,296.6024171554329,294.1872227638762,5.850144E11,5.84928E11,0.008201867371107983,"{""type"":""MultiPoint"",""coordinates"":[]}"
19880716,301.97930089934425,296.91829872636146,294.1338281649269,5.851008E11,5.850144E11,0.004002128282091057,"{""type"":""MultiPoint"",""coordinates"":[]}"
19880717,303.07255154630025,298.1339071817581,295.1919667580836,5.851872E11,5.851008E11,0.0022272581568099498,"{""type"":""MultiPoint"",""coordinates"":[]}"
19880718,303.3513679350285,298.4093620651651,294.068027051132,5.852736E11,5.851872E11,4.175213696642408E-4,"{""type"":""MultiPoint"",""coordinates"":[]}"
19880719,304.0224302983376,298.85803296031713,294.523919609375,5.8536E11,5.852736E11,1.1614566542297653E-4,"{""type"":""MultiPoint"",""coordinates"":[]}"
19880720,304.66747924780844,299.10227254107036,294.6350511602925,5.854464E11,5.8536E11,6.93574154460097E-4,"{""type"":""MultiPoint"",""coordinates"":[]}"
19880721,303.8937457673469,298.7663529853349,294.450336831147,5.855328E11,5.854464E11,9.969969017763927E-4,"{""type"":""MultiPoint"",""coordinates"":[]}"
19880722,303.92836187925553,299.0020226650827,295.6569962484386,5.856192E11,5.855328E11,0.0011736814037899047,"{""type"":""MultiPoint"",""coordinates"":[]}"
19880723,304.32505544841473,298.9368240024426,294.85642970808897,5.857056E11,5.856192E11,0.00202113163974016,"{""type"":""MultiPoint"",""coordinates"":[]}"
19880724,305.10921943627744,299.283728952742,295.01749067806264,5.85792E11,5.857056E11,0.0011805335400292946,"{""type"":""MultiPoint"",""coordinates"":[]}"
19880725,305.09399641756113,298.964487769121,293.8618779557997,5.858784E11,5.85792E11,1.602104774432903E-4,"{""type"":""MultiPoint"",""coordinates"":[]}"
19880726,304.31899511125596,299.02609698964307,294.19882117974896,5.859648E11,5.858784E11,3.7896875287392226E-4,"{""type"":""MultiPoint"",""coordinates"":[]}"
19880727,302.25936206227425,298.4460727365474,294.93991212406684,5.860512E11,5.859648E11,0.004487513808300903,"{""type"":""MultiPoint"",""coordinates"":[]}"
19880728,302.0806315863143,297.80901428771875,294.4577145272914,5.861376E11,5.860512E11,0.002469522484493575,"{""type"":""MultiPoint"",""coordinates"":[]}"
19880729,303.8929629399861,298.694804452426,294.8694434124635,5.86224E11,5.861376E11,0.001572963141096496,"{""type"":""MultiPoint"",""coordinates"":[]}"
19880730,304.88218042061527,299.30381387236474,295.0979924109898,5.863104E11,5.86224E11,3.911654003273992E-4,"{""type"":""MultiPoint"",""coordinates"":[]}"
19880731,305.5703339616971,299.33532758715984,294.7778961485173,5.863968E11,5.863104E11,1.058195660626788E-4,"{""type"":""MultiPoint"",""coordinates"":[]}"
19880801,305.0300685804025,299.0111739696109,293.7334391154171,5.864832E11,5.863968E11,5.432062458811656E-5,"{""type"":""MultiPoint"",""coordinates"":[]}"
19880802,305.5487576352015,299.5887041995027,294.82868829516246,5.865696E11,5.864832E11,2.6256545611759383E-5,"{""type"":""MultiPoint"",""coordinates"":[]}"
19880803,305.1935621830244,299.60513923871787,295.25566471480187,5.86656E11,5.865696E11,1.447432741229688E-4,"{""type"":""MultiPoint"",""coordinates"":[]}"
19880804,306.245165862752,299.9384669471627,294.80222610381344,5.867424E11,5.86656E11,8.936739042955539E-5,"{""type"":""MultiPoint"",""coordinates"":[]}"
19880805,306.47938799173227,299.9744863711263,294.24587278600154,5.868288E11,5.867424E11,5.5599932483873E-5,"{""type"":""MultiPoint"",""coordinates"":[]}"
19880806,306.62816633157973,300.6289002345687,295.6223995568069,5.869152E11,5.868288E11,6.855403515038664E-5,"{""type"":""MultiPoint"",""coordinates"":[]}"
19880807,305.80290431368894,300.4216244723898,295.19512051039834,5.870016E11,5.869152E11,5.058896210031852E-4,"{""type"":""MultiPoint"",""coordinates"":[]}"
19880808,304.9658998080148,299.5720429333186,295.3756255963224,5.87088E11,5.870016E11,0.0018936031068666718,"{""type"":""MultiPoint"",""coordinates"":[]}"
19880809,307.25840892211966,300.42036271639256,295.46853664052657,5.871744E11,5.87088E11,1.647968355167608E-4,"{""type"":""MultiPoint"",""coordinates"":[]}"
19880810,306.25460013315495,300.83408817795737,296.80130227134896,5.872608E11,5.871744E11,0.0017912521435463301,"{""type"":""MultiPoint"",""coordinates"":[]}"
19880811,305.5091146737417,299.8501727126742,295.7856328634391,5.873472E11,5.872608E11,0.0016001866938337612,"{""type"":""MultiPoint"",""coordinates"":[]}"
19880812,304.7649950504607,299.40581623853507,295.89023563199106,5.874336E11,5.873472E11,0.0028487439292376334,"{""type"":""MultiPoint"",""coordinates"":[]}"
19880813,305.0337032789675,298.77231942820504,295.34844436583836,5.8752E11,5.874336E11,0.005154590008882742,"{""type"":""MultiPoint"",""coordinates"":[]}"
19880814,306.0990717221528,299.8318223755299,295.5361041526906,5.876064E11,5.8752E11,0.0011956615614697331,"{""type"":""MultiPoint"",""coordinates"":[]}"
19880815,306.96711010083055,300.65453671852384,295.37000292832005,5.876928E11,5.876064E11,5.9661693933086866E-5,"{""type"":""MultiPoint"",""coordinates"":[]}"
19880816,306.8134839128037,300.5722133813002,295.30569207187693,5.877792E11,5.876928E11,5.724722595230848E-5,"{""type"":""MultiPoint"",""coordinates"":[]}"
19880817,306.56911676070087,300.3164134268552,294.8832754841305,5.878656E11,5.877792E11,8.175295762024616E-5,"{""type"":""MultiPoint"",""coordinates"":[]}"
19880818,306.46001527958555,300.1350688214277,293.43846135429976,5.87952E11,5.878656E11,8.798980105601768E-6,"{""type"":""MultiPoint"",""coordinates"":[]}"
19880819,306.7161319917483,300.0641133819585,294.43431522251495,5.880384E11,5.87952E11,3.715381392642357E-5,"{""type"":""MultiPoint"",""coordinates"":[]}"
19880820,306.74498822601146,300.1269663657498,294.27051754261873,5.881248E11,5.880384E11,2.76463700724781E-5,"{""type"":""MultiPoint"",""coordinates"":[]}"
19880821,306.3992314297631,300.4162017751693,294.95298256224567,5.882112E11,5.881248E11,5.706311728580807E-7,"{""type"":""MultiPoint"",""coordinates"":[]}"
19880822,307.76619664279497,300.1534142578028,294.09152873811905,5.882976E11,5.882112E11,7.076916117940885E-7,"{""type"":""MultiPoint"",""coordinates"":[]}"
19880823,306.62686881713984,300.3005182859645,294.8097080067784,5.88384E11,5.882976E11,8.582779266610864E-5,"{""type"":""MultiPoint"",""coordinates"":[]}"
19880824,305.1245442173813,299.9286894877057,296.4746288947544,5.884704E11,5.88384E11,0.0024289914568201595,"{""type"":""MultiPoint"",""coordinates"":[]}"
19880825,306.59092640259644,299.6632826314658,294.90106985005895,5.885568E11,5.884704E11,5.169119395279732E-4,"{""type"":""MultiPoint"",""coordinates"":[]}"
19880826,306.6513109587366,300.59179795225083,295.93151564517416,5.886432E11,5.885568E11,0.001581872315814298,"{""type"":""MultiPoint"",""coordinates"":[]}"
19880827,305.966399759626,300.7315287250593,296.3677018155249,5.887296E11,5.886432E11,0.0012748358801874518,"{""type"":""MultiPoint"",""coordinates"":[]}"
19880828,307.12366963748036,301.1278483979835,296.67109634815586,5.88816E11,5.887296E11,5.734263170795216E-4,"{""type"":""MultiPoint"",""coordinates"":[]}"
19880829,305.6477457279843,300.71321183796243,297.2226552059081,5.889024E11,5.88816E11,0.003850390733813426,"{""type"":""MultiPoint"",""coordinates"":[]}"
19880830,301.2419888045744,298.19763881893846,295.87821843754074,5.889888E11,5.889024E11,0.02090913350847098,"{""type"":""MultiPoint"",""coordinates"":[]}"
19880831,305.0751652608517,298.9418222397979,294.8602860380889,5.890752E11,5.889888E11,8.826794416385731E-4,"{""type"":""MultiPoint"",""coordinates"":[]}"
19880901,304.3534573590673,299.4136944074865,295.79088182906054,5.891616E11,5.890752E11,0.002765457600698063,"{""type"":""MultiPoint"",""coordinates"":[]}"
19880902,304.00821917289437,299.425356472996,296.2577221988151,5.89248E11,5.891616E11,0.0070223100345897325,"{""type"":""MultiPoint"",""coordinates"":[]}"
19880903,304.21848454306786,299.2604557858148,295.4935840654194,5.893344E11,5.89248E11,0.0042980243273765826,"{""type"":""MultiPoint"",""coordinates"":[]}"
19880904,300.9018584207747,298.1697988966335,296.09922265208013,5.894208E11,5.893344E11,0.01831850853456427,"{""type"":""MultiPoint"",""coordinates"":[]}"
19880905,301.4873426370047,297.6294926078572,295.2563811113988,5.895072E11,5.894208E11,0.0144742436812002,"{""type"":""MultiPoint"",""coordinates"":[]}"
19880906,304.2763008766192,298.74609930120096,294.9506711267158,5.895936E11,5.895072E11,5.424229925164629E-4,"{""type"":""MultiPoint"",""coordinates"":[]}"
19880907,306.02921047300475,300.320849689467,295.6358269187778,5.8968E11,5.895936E11,5.9915564791747575E-5,"{""type"":""MultiPoint"",""coordinates"":[]}"
19880908,305.4250779002989,300.26383259541296,295.82737565329506,5.897664E11,5.8968E11,2.751549794031556E-4,"{""type"":""MultiPoint"",""coordinates"":[]}"
19880909,305.41941676499687,300.1175263987549,295.51090018885316,5.898528E11,5.897664E11,2.8011674018397115E-4,"{""type"":""MultiPoint"",""coordinates"":[]}"
19880910,305.9199062204251,300.28201888091326,295.6124175948017,5.899392E11,5.898528E11,3.13028695171144E-4,"{""type"":""MultiPoint"",""coordinates"":[]}"
19880911,306.743835909197,300.86312669125823,297.0828589112394,5.900256E11,5.899392E11,0.001180877421516548,"{""type"":""MultiPoint"",""coordinates"":[]}"
19880912,306.8315598213091,300.84061688550213,296.54618646228823,5.90112E11,5.900256E11,3.2160520768224015E-4,"{""type"":""MultiPoint"",""coordinates"":[]}"
19880913,306.66939292433466,300.8974039664792,296.0497057317464,5.901984E11,5.90112E11,4.739253420680711E-4,"{""type"":""MultiPoint"",""coordinates"":[]}"
19880914,305.77432751851507,300.2346644472357,296.61314209756347,5.902848E11,5.901984E11,0.007424924757875558,"{""type"":""MultiPoint"",""coordinates"":[]}"
19880915,301.6551498410107,298.1653209137129,296.07301297534656,5.903712E11,5.902848E11,0.017978320402142173,"{""type"":""MultiPoint"",""coordinates"":[]}"
19880916,302.99133659156354,298.0588540349364,295.2019859519932,5.904576E11,5.903712E11,0.004528676584720843,"{""type"":""MultiPoint"",""coordinates"":[]}"
19880917,304.68380687310685,298.9795592406376,294.96379427197354,5.90544E11,5.904576E11,0.0032932570285249645,"{""type"":""MultiPoint"",""coordinates"":[]}"
19880918,304.8018246462764,299.5195904792513,295.64189733465304,5.906304E11,5.90544E11,0.0032587227394520837,"{""type"":""MultiPoint"",""coordinates"":[]}"
19880919,304.6424308162343,299.4171919355191,295.5405198148958,5.907168E11,5.906304E11,0.006332718143584969,"{""type"":""MultiPoint"",""coordinates"":[]}"
19880920,304.4737504479729,299.41028549971855,296.24765477942873,5.908032E11,5.907168E11,0.004720862695305195,"{""type"":""MultiPoint"",""coordinates"":[]}"
19880921,304.50422358842974,299.5403264759673,295.7099303025888,5.908896E11,5.908032E11,0.0048116734137471735,"{""type"":""MultiPoint"",""coordinates"":[]}"
19880922,305.32469152971777,299.5351100999532,295.2176443127658,5.90976E11,5.908896E11,0.00409707069373931,"{""type"":""MultiPoint"",""coordinates"":[]}"
19880923,305.1248401043169,299.9400649041112,295.8271098307612,5.910624E11,5.90976E11,0.0010905264591701078,"{""type"":""MultiPoint"",""coordinates"":[]}"
19880924,307.03187906104046,300.7678430122723,295.79266935073264,5.911488E11,5.910624E11,2.8727611481854437E-4,"{""type"":""MultiPoint"",""coordinates"":[]}"
19880925,307.39757917154014,301.41778997053996,297.24143649788226,5.912352E11,5.911488E11,1.3602301839570828E-4,"{""type"":""MultiPoint"",""coordinates"":[]}"
19880926,306.282621189228,301.3608746414238,297.98362314084295,5.913216E11,5.912352E11,4.6359773450127144E-4,"{""type"":""MultiPoint"",""coordinates"":[]}"
19880927,306.73222606273004,301.184862452438,297.29307718250107,5.91408E11,5.913216E11,0.0015159728592920973,"{""type"":""MultiPoint"",""coordinates"":[]}"
19880928,302.31540711964317,298.65808032178234,295.69937054716934,5.914944E11,5.91408E11,0.017557967479052417,"{""type"":""MultiPoint"",""coordinates"":[]}"
19880929,303.9613330016225,299.0822146292451,295.9496807351013,5.915808E11,5.914944E11,0.007558094824507592,"{""type"":""MultiPoint"",""coordinates"":[]}"
19880930,303.5515273343427,298.8619966107077,295.42269014319106,5.916672E11,5.915808E11,0.006808278602908476,"{""type"":""MultiPoint"",""coordinates"":[]}"
19881001,303.05691488869263,298.6211821993668,296.0051746922654,5.917536E11,5.916672E11,0.008584550187293503,"{""type"":""MultiPoint"",""coordinates"":[]}"
19881002,302.3458823057718,298.20338584439264,296.0721547642196,5.9184E11,5.917536E11,0.01048602035622904,"{""type"":""MultiPoint"",""coordinates"":[]}"
19881003,304.6643100815362,299.032679997612,295.1289266752575,5.919264E11,5.9184E11,0.003402638251693971,"{""type"":""MultiPoint"",""coordinates"":[]}"
19881004,304.5782066491665,299.3921598999269,295.34281565434713,5.920128E11,5.919264E11,0.005802713449454557,"{""type"":""MultiPoint"",""coordinates"":[]}"
19881005,302.36699485231435,298.71876788049633,296.61800338119735,5.920992E11,5.920128E11,0.011796694178182658,"{""type"":""MultiPoint"",""coordinates"":[]}"
19881006,304.6379837683585,298.8812784792183,295.18099449203805,5.921856E11,5.920992E11,0.004191176575197724,"{""type"":""MultiPoint"",""coordinates"":[]}"
19881007,305.052568428176,299.41610317651606,295.63377034877016,5.92272E11,5.921856E11,0.005868699959377893,"{""type"":""MultiPoint"",""coordinates"":[]}"
19881008,304.5446612083065,299.4383320629193,295.8449729775104,5.923584E11,5.92272E11,0.003442141384793863,"{""type"":""MultiPoint"",""coordinates"":[]}"
19881009,305.06508769898124,299.8171142913116,296.22480001867507,5.924448E11,5.923584E11,0.00271938940248035,"{""type"":""MultiPoint"",""coordinates"":[]}"
19881010,304.2444067383151,299.16781822903664,296.0253380658621,5.925312E11,5.924448E11,0.00850452476037108,"{""type"":""MultiPoint"",""coordinates"":[]}"
19881011,303.74611189747105,298.8090615609292,295.95008584866014,5.926176E11,5.925312E11,0.005237912376515639,"{""type"":""MultiPoint"",""coordinates"":[]}"
19881012,302.8038796799047,298.7648409823063,296.5223418931828,5.92704E11,5.926176E11,0.01309745481157695,"{""type"":""MultiPoint"",""coordinates"":[]}"
19881013,301.95444143477704,298.18771847705307,295.4871643846923,5.927904E11,5.92704E11,0.016572765936506292,"{""type"":""MultiPoint"",""coordinates"":[]}"
19881014,303.07001716316785,298.2408090531432,295.76391656742885,5.928768E11,5.927904E11,0.006556807123962173,"{""type"":""MultiPoint"",""coordinates"":[]}"
19881015,301.82125313060857,297.77599932284994,295.064944191628,5.929632E11,5.928768E11,0.005998466380273252,"{""type"":""MultiPoint"",""coordinates"":[]}"
19881016,305.8179608465311,299.452696995494,295.60362812758837,5.930496E11,5.929632E11,0.001840525836525089,"{""type"":""MultiPoint"",""coordinates"":[]}"
19881017,303.95202133207994,299.2696210410418,295.6785416636963,5.93136E11,5.930496E11,0.011660601765188669,"{""type"":""MultiPoint"",""coordinates"":[]}"
19881018,303.49561333429773,299.11449490635545,296.25966460742035,5.932224E11,5.93136E11,0.0086755689799294,"{""type"":""MultiPoint"",""coordinates"":[]}"
19881019,301.97897879363205,298.0090190373161,295.81286791821435,5.933088E11,5.932224E11,0.010269056790801083,"{""type"":""MultiPoint"",""coordinates"":[]}"
19881020,304.8501083003742,299.61375786088826,295.2478498341368,5.933952E11,5.933088E11,4.296325256337727E-4,"{""type"":""MultiPoint"",""coordinates"":[]}"
19881021,305.7473327485374,300.33546442609946,295.6007894537723,5.934816E11,5.933952E11,4.8309747601191054E-4,"{""type"":""MultiPoint"",""coordinates"":[]}"
19881022,305.43345292429615,300.38239697698197,296.24742589971845,5.93568E11,5.934816E11,0.0035649092010519513,"{""type"":""MultiPoint"",""coordinates"":[]}"
19881023,305.0178210888959,299.6811424291292,296.56025640917903,5.936544E11,5.93568E11,0.00753464534699383,"{""type"":""MultiPoint"",""coordinates"":[]}"
19881024,305.25092523705683,299.51832566324913,295.7665103787685,5.937408E11,5.936544E11,0.0034148872059368003,"{""type"":""MultiPoint"",""coordinates"":[]}"
19881025,305.6114061130434,299.7580440749633,295.69192511429617,5.938272E11,5.937408E11,0.002228226155611201,"{""type"":""MultiPoint"",""coordinates"":[]}"
19881026,304.7624745721139,300.221101097413,296.82207938470486,5.939136E11,5.938272E11,0.006607847498994013,"{""type"":""MultiPoint"",""coordinates"":[]}"
19881027,303.40132684372566,298.88802361814453,296.36773002725874,5.94E11,5.939136E11,0.01864304982186058,"{""type"":""MultiPoint"",""coordinates"":[]}"
19881028,303.7751534894822,298.64411439550986,295.1960127641882,5.940864E11,5.94E11,0.0066116712927225384,"{""type"":""MultiPoint"",""coordinates"":[]}"
19881029,303.9032571619523,299.29224611861065,295.597206839062,5.941728E11,5.940864E11,0.004544629853811318,"{""type"":""MultiPoint"",""coordinates"":[]}"
19881030,305.2238472942867,299.8974373127978,295.78895273007447,5.942592E11,5.941728E11,0.0010980371063756193,"{""type"":""MultiPoint"",""coordinates"":[]}"
19881031,304.2913061231292,299.94612400332403,297.13135932576085,5.943456E11,5.942592E11,0.005711646896392561,"{""type"":""MultiPoint"",""coordinates"":[]}"
19881101,304.58219450752205,299.88250218878323,296.18005134812694,5.94432E11,5.943456E11,0.003085912998562382,"{""type"":""MultiPoint"",""coordinates"":[]}"
19881102,304.4618121751273,299.79054816776886,296.5833202178513,5.945184E11,5.94432E11,0.007366017093814755,"{""type"":""MultiPoint"",""coordinates"":[]}"
19881103,303.32455208309943,298.8507919466688,296.5059764136061,5.946048E11,5.945184E11,0.01563726563691229,"{""type"":""MultiPoint"",""coordinates"":[]}"
19881104,302.40550061248365,298.11602183615537,295.4868909610341,5.946912E11,5.946048E11,0.012275396482844354,"{""type"":""MultiPoint"",""coordinates"":[]}"
19881105,303.1489162339318,298.4775957223333,295.16233531968993,5.947776E11,5.946912E11,0.0038851911517954183,"{""type"":""MultiPoint"",""coordinates"":[]}"
19881106,304.1820364454616,299.1923375050387,295.6211325718484,5.94864E11,5.947776E11,0.009126338659877347,"{""type"":""MultiPoint"",""coordinates"":[]}"
19881107,301.0922711400829,297.9458053640303,296.09334991729673,5.949504E11,5.94864E11,0.020442193883069733,"{""type"":""MultiPoint"",""coordinates"":[]}"
19881108,303.47338161745324,298.4224195805827,295.42634029312404,5.950368E11,5.949504E11,0.009661618054248965,"{""type"":""MultiPoint"",""coordinates"":[]}"
19881109,304.1170690806075,299.04378833398204,295.62453597347763,5.951232E11,5.950368E11,0.00277405859874426,"{""type"":""MultiPoint"",""coordinates"":[]}"
19881110,303.7960835104183,299.23239654132016,296.28289057680826,5.952096E11,5.951232E11,0.009832086077532512,"{""type"":""MultiPoint"",""coordinates"":[]}"
19881111,303.1510792358317,298.8476195316387,295.89247153751387,5.95296E11,5.952096E11,0.00994108002746504,"{""type"":""MultiPoint"",""coordinates"":[]}"
19881112,301.8083341682096,297.98821025601063,295.9857176850127,5.953824E11,5.95296E11,0.009509462542214138,"{""type"":""MultiPoint"",""coordinates"":[]}"
19881113,302.55768502795775,298.33246389340184,295.89442608751216,5.954688E11,5.953824E11,0.010575832786933739,"{""type"":""MultiPoint"",""coordinates"":[]}"
19881114,304.1311790490326,299.01597700771805,295.89257065396197,5.955552E11,5.954688E11,0.005012434392594993,"{""type"":""MultiPoint"",""coordinates"":[]}"
19881115,303.7484541991762,298.9799926092925,296.0804320236465,5.956416E11,5.955552E11,0.009521167427191382,"{""type"":""MultiPoint"",""coordinates"":[]}"
19881116,302.9808546626428,298.4710825273736,295.97159470115025,5.95728E11,5.956416E11,0.006438894581700536,"{""type"":""MultiPoint"",""coordinates"":[]}"
19881117,304.2213823679138,299.0450591832703,296.07661664789134,5.958144E11,5.95728E11,0.0057931357863227105,"{""type"":""MultiPoint"",""coordinates"":[]}"
19881118,300.17111870855433,297.70197385736344,295.96024341788876,5.959008E11,5.958144E11,0.01638699274158196,"{""type"":""MultiPoint"",""coordinates"":[]}"
19881119,303.7071611986137,298.38910359759456,295.5699957754411,5.959872E11,5.959008E11,0.0056798744364878325,"{""type"":""MultiPoint"",""coordinates"":[]}"
19881120,304.3620239968608,299.22205951669287,295.68973089507233,5.960736E11,5.959872E11,0.001851370465459289,"{""type"":""MultiPoint"",""coordinates"":[]}"
19881121,303.1572938332985,299.3895518181994,296.36111003310396,5.9616E11,5.960736E11,0.003323857184290157,"{""type"":""MultiPoint"",""coordinates"":[]}"
19881122,300.63413362383716,297.6051344136194,295.4524740325871,5.962464E11,5.9616E11,0.012738709531627297,"{""type"":""MultiPoint"",""coordinates"":[]}"
19881123,302.5746684466173,297.7704176652081,295.16278338045026,5.963328E11,5.962464E11,0.003355554311503789,"{""type"":""MultiPoint"",""coordinates"":[]}"
19881124,304.5422365848965,298.9368272920117,295.51980519910467,5.964192E11,5.963328E11,0.009862868168290058,"{""type"":""MultiPoint"",""coordinates"":[]}"
19881125,303.2999241671382,298.779193666358,296.07610301850787,5.965056E11,5.964192E11,0.010671700599410531,"{""type"":""MultiPoint"",""coordinates"":[]}"
19881126,302.52078747520125,298.224532306913,295.6273712514448,5.96592E11,5.965056E11,0.010170541515013032,"{""type"":""MultiPoint"",""coordinates"":[]}"
19881127,302.6628570739438,298.35858031352495,295.8495614309518,5.966784E11,5.96592E11,0.008995560371677811,"{""type"":""MultiPoint"",""coordinates"":[]}"
19881128,303.78378379391745,298.6772456380224,295.87152235817405,5.967648E11,5.966784E11,0.007867263708211421,"{""type"":""MultiPoint"",""coordinates"":[]}"
19881129,300.00079547124386,297.38281741097217,295.51776042529355,5.968512E11,5.967648E11,0.021939365564188844,"{""type"":""MultiPoint"",""coordinates"":[]}"
19881130,300.7563103775822,297.2861089582337,295.3263088338228,5.969376E11,5.968512E11,0.01888891986752595,"{""type"":""MultiPoint"",""coordinates"":[]}"
19881201,301.59834250227243,297.70797776425286,295.58704972045933,5.97024E11,5.969376E11,0.005928596313205744,"{""type"":""MultiPoint"",""coordinates"":[]}"
19881202,302.45886527711804,297.99260595548697,295.41733846971823,5.971104E11,5.97024E11,0.009457449214828498,"{""type"":""MultiPoint"",""coordinates"":[]}"
19881203,301.03003785536634,297.0836482361158,295.31389911868285,5.971968E11,5.971104E11,0.010497906673705317,"{""type"":""MultiPoint"",""coordinates"":[]}"
19881204,302.6666805788208,297.8573557690265,295.42325146495216,5.972832E11,5.971968E11,0.0019001841166379737,"{""type"":""MultiPoint"",""coordinates"":[]}"
19881205,304.49632651954704,299.17407595310533,295.6207353399923,5.973696E11,5.972832E11,0.004068234985195529,"{""type"":""MultiPoint"",""coordinates"":[]}"
19881206,303.954506663305,299.0771417316758,295.49720266813637,5.97456E11,5.973696E11,0.007219906891915791,"{""type"":""MultiPoint"",""coordinates"":[]}"
19881207,304.1626455824427,299.0071280595832,295.3211263491295,5.975424E11,5.97456E11,0.005004270399237943,"{""type"":""MultiPoint"",""coordinates"":[]}"
19881208,304.5605024993991,299.16785617429036,295.2936252643624,5.976288E11,5.975424E11,0.004666113254105581,"{""type"":""MultiPoint"",""coordinates"":[]}"
19881209,299.75321204885546,297.3160700031356,295.3009748652555,5.977152E11,5.976288E11,0.013967759970271349,"{""type"":""MultiPoint"",""coordinates"":[]}"
19881210,304.16833020555833,298.3852234949513,294.96057137238546,5.978016E11,5.977152E11,0.004181345796452146,"{""type"":""MultiPoint"",""coordinates"":[]}"
19881211,304.77712483592427,299.75031279135914,295.8538848534305,5.97888E11,5.978016E11,0.0034917744963348604,"{""type"":""MultiPoint"",""coordinates"":[]}"
19881212,302.37739023555014,298.4893131646679,295.7355629417696,5.979744E11,5.97888E11,0.009609513299440195,"{""type"":""MultiPoint"",""coordinates"":[]}"
19881213,304.90121551021343,299.3413454787571,295.85443321927113,5.980608E11,5.979744E11,0.005088386287383866,"{""type"":""MultiPoint"",""coordinates"":[]}"
19881214,304.8999677117167,299.8135130147363,295.7706171513544,5.981472E11,5.980608E11,9.01311332492707E-4,"{""type"":""MultiPoint"",""coordinates"":[]}"
19881215,302.1615970133204,298.4650141911795,295.96625859127664,5.982336E11,5.981472E11,0.010955342587730276,"{""type"":""MultiPoint"",""coordinates"":[]}"
19881216,300.22936476664205,297.2783055787323,295.44521863887024,5.9832E11,5.982336E11,0.019325972950857175,"{""type"":""MultiPoint"",""coordinates"":[]}"
19881217,299.2174334640441,297.051792413769,295.52053642214463,5.984064E11,5.9832E11,0.020857602805764798,"{""type"":""MultiPoint"",""coordinates"":[]}"
19881218,299.56211033695854,296.7100303611,295.0465333116151,5.984928E11,5.984064E11,0.014577771166220515,"{""type"":""MultiPoint"",""coordinates"":[]}"
19881219,302.30242067048516,297.5913863216208,295.3502238434127,5.985792E11,5.984928E11,0.011239007842482236,"{""type"":""MultiPoint"",""coordinates"":[]}"
19881220,301.4477676800987,297.5469014610942,295.3148831590226,5.986656E11,5.985792E11,0.01121164021910118,"{""type"":""MultiPoint"",""coordinates"":[]}"
19881221,301.13213630518726,297.0256658018478,295.0712582277829,5.98752E11,5.986656E11,0.014469300108908225,"{""type"":""MultiPoint"",""coordinates"":[]}"
19881222,299.445694452236,296.7935426459247,295.21071252628093,5.988384E11,5.98752E11,0.03614819408082896,"{""type"":""MultiPoint"",""coordinates"":[]}"
19881223,299.5405355417406,296.7622940700727,294.9665950813085,5.989248E11,5.988384E11,0.015098574067416982,"{""type"":""MultiPoint"",""coordinates"":[]}"
19881224,302.42351621193575,297.86162472103337,295.0648756964872,5.990112E11,5.989248E11,0.0034134025459930197,"{""type"":""MultiPoint"",""coordinates"":[]}"
19881225,302.87384300602827,298.3803464275067,295.31934467879233,5.990976E11,5.990112E11,0.004483414222747212,"{""type"":""MultiPoint"",""coordinates"":[]}"
19881226,302.4103329429765,298.42443889402887,295.1004505711717,5.99184E11,5.990976E11,0.008093212015948216,"{""type"":""MultiPoint"",""coordinates"":[]}"
19881227,303.37497811403375,298.24925152223796,295.05796810011213,5.992704E11,5.99184E11,0.010797863798703523,"{""type"":""MultiPoint"",""coordinates"":[]}"
19881228,302.6218584069327,297.95744686059186,294.93023972931996,5.993568E11,5.992704E11,0.010784986351567863,"{""type"":""MultiPoint"",""coordinates"":[]}"
19881229,302.84850800102123,297.99012493241594,294.98784856238535,5.994432E11,5.993568E11,0.005157873414525757,"{""type"":""MultiPoint"",""coordinates"":[]}"
19881230,302.5806290177465,298.0447101411807,294.76841910096005,5.995296E11,5.994432E11,0.008314392155866266,"{""type"":""MultiPoint"",""coordinates"":[]}"
