system:index,Percent,.geo
0,93.47111927514642,"{""type"":""MultiPoint"",""coordinates"":[]}"
1,93.72096630308616,"{""type"":""MultiPoint"",""coordinates"":[]}"
2,93.47942219972025,"{""type"":""MultiPoint"",""coordinates"":[]}"
3,93.01292691852245,"{""type"":""MultiPoint"",""coordinates"":[]}"
4,92.74376953672375,"{""type"":""MultiPoint"",""coordinates"":[]}"
5,92.47482449582958,"{""type"":""MultiPoint"",""coordinates"":[]}"
6,92.06496811368974,"{""type"":""MultiPoint"",""coordinates"":[]}"
7,91.42956579828628,"{""type"":""MultiPoint"",""coordinates"":[]}"
8,90.90813538292495,"{""type"":""MultiPoint"",""coordinates"":[]}"
9,90.17844236392169,"{""type"":""MultiPoint"",""coordinates"":[]}"
10,89.23342722938378,"{""type"":""MultiPoint"",""coordinates"":[]}"
11,88.31841534349371,"{""type"":""MultiPoint"",""coordinates"":[]}"
12,87.42096085690439,"{""type"":""MultiPoint"",""coordinates"":[]}"
13,86.38140187560393,"{""type"":""MultiPoint"",""coordinates"":[]}"
14,85.49760314185937,"{""type"":""MultiPoint"",""coordinates"":[]}"
15,84.65654057900385,"{""type"":""MultiPoint"",""coordinates"":[]}"
16,83.56073598848427,"{""type"":""MultiPoint"",""coordinates"":[]}"
17,82.05925020009084,"{""type"":""MultiPoint"",""coordinates"":[]}"
18,80.41458456408522,"{""type"":""MultiPoint"",""coordinates"":[]}"
19,78.94078610228127,"{""type"":""MultiPoint"",""coordinates"":[]}"
20,77.78906101109597,"{""type"":""MultiPoint"",""coordinates"":[]}"
21,76.70766322102585,"{""type"":""MultiPoint"",""coordinates"":[]}"
22,75.7504440145883,"{""type"":""MultiPoint"",""coordinates"":[]}"
23,74.90963474985173,"{""type"":""MultiPoint"",""coordinates"":[]}"
24,74.42526449526356,"{""type"":""MultiPoint"",""coordinates"":[]}"
25,74.082039852239,"{""type"":""MultiPoint"",""coordinates"":[]}"
26,73.8627392008187,"{""type"":""MultiPoint"",""coordinates"":[]}"
27,73.85661544421208,"{""type"":""MultiPoint"",""coordinates"":[]}"
28,73.80250159945737,"{""type"":""MultiPoint"",""coordinates"":[]}"
29,73.47672522662651,"{""type"":""MultiPoint"",""coordinates"":[]}"
30,73.01668274610057,"{""type"":""MultiPoint"",""coordinates"":[]}"
31,72.45793146199003,"{""type"":""MultiPoint"",""coordinates"":[]}"
32,71.94532564035472,"{""type"":""MultiPoint"",""coordinates"":[]}"
33,71.48456532966759,"{""type"":""MultiPoint"",""coordinates"":[]}"
34,71.28862742360383,"{""type"":""MultiPoint"",""coordinates"":[]}"
35,70.3484247972983,"{""type"":""MultiPoint"",""coordinates"":[]}"
