Title:,"Time Series, Area-Averaged of Carbon dioxide, assimilated dry-air column average daily 0.5 x 0.625 deg. [GEOS-CHEM ()"
User Start Date:,2002-08-01T00:00:00Z
User End Date:,2022-10-31T23:59:59Z
User Bounding Box:,"-57.41,-5.76,-53.95,-3.2"
Data Bounding Box:,"-56.875,-5.5,-54.375,-3.5"
URL to Reproduce Results:,"https://giovanni.gsfc.nasa.gov/giovanni/#service=ArAvTs&starttime=2002-08-01T00:00:00Z&endtime=2022-10-31T23:59:59Z&bbox=-57.41,-5.76,-53.95,-3.2&data=OCO2_GEOS_L3CO2_DAY_10r_XCO2&variableFacets=dataFieldDiscipline%3AAtmospheric%20Chemistry%3BdataFieldMeasurement%3ACO2%3B&portal=GIOVANNI&format=json"
Fill Value (mean_OCO2_GEOS_L3CO2_DAY_10r_XCO2):, -999999

time, mean_OCO2_GEOS_L3CO2_DAY_10r_XCO2
2015-01-01,0.000398129566
2015-01-02,0.000397898412
2015-01-03,0.00039795394
2015-01-04,0.000397395964
2015-01-05,0.000397131283
2015-01-06,0.00039742026
2015-01-07,0.000397343934
2015-01-08,0.00039773457
2015-01-09,0.000397982657
2015-01-10,0.000397994548
2015-01-11,0.000398467019
2015-01-12,0.000398574834
2015-01-13,0.000398247473
2015-01-14,0.000397960512
2015-01-15,0.000397955249
2015-01-16,0.000398150276
2015-01-17,0.000398231644
2015-01-18,0.000398499829
2015-01-19,0.000398601617
2015-01-20,0.000398616443
2015-01-21,0.000398333041
2015-01-22,0.000398532087
2015-01-23,0.000398331239
2015-01-24,0.00039880728
2015-01-25,0.000398723584
2015-01-26,0.000398782215
2015-01-27,0.000399101548
2015-01-28,0.000398768848
2015-01-29,0.000398607539
2015-01-30,0.000398522645
2015-01-31,0.000398397144
2015-02-01,0.000398572984
2015-02-02,0.000399127411
2015-02-03,0.000399370167
2015-02-04,0.000399371725
2015-02-05,0.00040001376
2015-02-06,0.000399755253
2015-02-07,0.000399761275
2015-02-08,0.000399822173
2015-02-09,0.000400018613
2015-02-10,0.000400383406
2015-02-11,0.000400086835
2015-02-12,0.000399696198
2015-02-13,0.000399592683
2015-02-14,0.000399416994
2015-02-15,0.000399510717
2015-02-16,0.00039981494
2015-02-17,0.00039955028
2015-02-18,0.000400077748
2015-02-19,0.000400276546
2015-02-20,0.000400269855
2015-02-21,0.000400206323
2015-02-22,0.000399813929
2015-02-23,0.000399295936
2015-02-24,0.000399160979
2015-02-25,0.000400291193
2015-02-26,0.000400305642
2015-02-27,0.000399949815
2015-02-28,0.000399793944
2015-03-01,0.000399483607
2015-03-02,0.000399568322
2015-03-03,0.000399626908
2015-03-04,0.000399804073
2015-03-05,0.000399672005
2015-03-06,0.000399637697
2015-03-07,0.000399500463
2015-03-08,0.00039969768
2015-03-09,0.000400400341
2015-03-10,0.000400345796
2015-03-11,0.000400535014
2015-03-12,0.000400262367
2015-03-13,0.000400116824
2015-03-14,0.000399769239
2015-03-15,0.000399497969
2015-03-16,0.000399839839
2015-03-17,0.000399896062
2015-03-18,0.000399466908
2015-03-19,0.000399854607
2015-03-20,0.000399909734
2015-03-21,0.000399925562
2015-03-22,0.000399900507
2015-03-23,0.00040008837
2015-03-24,0.000400139158
2015-03-25,0.000400075814
2015-03-26,0.000400134784
2015-03-27,0.000400112312
2015-03-28,0.000399675325
2015-03-29,0.000399439608
2015-03-30,0.000399116796
2015-03-31,0.000400115909
2015-04-01,0.000400126756
2015-04-02,0.000399931497
2015-04-03,0.000400152957
2015-04-04,0.000400621067
2015-04-05,0.000400405529
2015-04-06,0.000400125117
2015-04-07,0.000399680525
2015-04-08,0.000399707991
2015-04-09,0.000399868437
2015-04-10,0.000400074872
2015-04-11,0.000400255546
2015-04-12,0.000400032651
2015-04-13,0.000399786893
2015-04-14,0.000399479462
2015-04-15,0.000398845287
2015-04-16,0.000399206533
2015-04-17,0.000399529242
2015-04-18,0.000399114639
2015-04-19,0.000398852129
2015-04-20,0.000399273594
2015-04-21,0.000399733738
2015-04-22,0.000399077135
2015-04-23,0.000399003025
2015-04-24,0.000399341289
2015-04-25,0.000399178192
2015-04-26,0.000399564639
2015-04-27,0.000399857166
2015-04-28,0.000399838036
2015-04-29,0.000399664117
2015-04-30,0.000399325847
2015-05-01,0.00039956815
2015-05-02,0.000399546966
2015-05-03,0.00039962196
2015-05-04,0.000399316129
2015-05-05,0.000399195128
2015-05-06,0.000398961037
2015-05-07,0.000398128446
2015-05-08,0.000397862305
2015-05-09,0.000398696984
2015-05-10,0.000399346482
2015-05-11,0.0003992955
2015-05-12,0.000398943692
2015-05-13,0.000398987794
2015-05-14,0.000399154025
2015-05-15,0.000399259264
2015-05-16,0.000398726587
2015-05-17,0.00039845868
2015-05-18,0.000398419915
2015-05-19,0.000398369577
2015-05-20,0.000398333311
2015-05-21,0.000398507202
2015-05-22,0.000398693594
2015-05-23,0.000398860613
2015-05-24,0.000398991749
2015-05-25,0.00039836095
2015-05-26,0.000398108061
2015-05-27,0.000398264125
2015-05-28,0.000398658025
2015-05-29,0.000398631125
2015-05-30,0.0003987788
2015-05-31,0.000398502741
2015-06-01,0.000398491239
2015-06-02,0.000398792324
2015-06-03,0.00039870412
2015-06-04,0.000398510876
2015-06-05,0.000398542706
2015-06-06,0.000398624506
2015-06-07,0.000398773717
2015-06-08,0.00039857165
2015-06-09,0.000398647593
2015-06-10,0.000398924839
2015-06-11,0.000399267861
2015-06-12,0.000399132244
2015-06-13,0.000398805579
2015-06-14,0.000399103003
2015-06-15,0.000399034558
2015-06-16,0.000399448787
2015-06-17,0.000399423878
2015-06-18,0.000399274407
2015-06-19,0.000399030486
2015-06-20,0.00039907072
2015-06-21,0.000399258898
2015-06-22,0.000399269856
2015-06-23,0.000399096363
2015-06-24,0.000399222716
2015-06-25,0.000399104343
2015-06-26,0.000399051108
2015-06-27,0.000398794476
2015-06-28,0.000398739057
2015-06-29,0.00039871333
2015-06-30,0.000398832503
2015-07-01,0.000398822699
2015-07-02,0.000399079729
2015-07-03,0.000398726222
2015-07-04,0.000398988442
2015-07-05,0.000399016866
2015-07-06,0.00039858893
2015-07-07,0.000398881113
2015-07-08,0.000398684069
2015-07-09,0.000398489431
2015-07-10,0.000398829493
2015-07-11,0.000399385754
2015-07-12,0.000399286565
2015-07-13,0.000399356397
2015-07-14,0.000399321189
2015-07-15,0.000399216096
2015-07-16,0.000398873703
2015-07-17,0.00039863282
2015-07-18,0.000398544753
2015-07-19,0.000398204266
2015-07-20,0.000398393994
2015-07-21,0.000398353983
2015-07-22,0.000398227316
2015-07-23,0.00039818926
2015-07-24,0.000397906694
2015-07-25,0.000398235271
2015-07-26,0.000398245881
2015-07-27,0.000398195788
2015-07-28,0.000398462598
2015-07-29,0.000398390082
2015-07-30,0.000397997181
2015-07-31,0.000398086518
2015-08-01,0.000398403136
2015-08-02,0.00039816492
2015-08-03,0.000398341003
2015-08-04,0.00039829095
2015-08-05,0.000398408396
2015-08-06,0.000398340665
2015-08-07,0.000398318748
2015-08-08,0.000398647682
2015-08-09,0.000398503391
2015-08-10,0.000398385134
2015-08-11,0.000398395474
2015-08-12,0.000398794251
2015-08-13,0.00039844716
2015-08-14,0.000398665801
2015-08-15,0.000398177716
2015-08-16,0.000398369017
2015-08-17,0.000398567463
2015-08-18,0.000398531559
2015-08-19,0.000399047373
2015-08-20,0.000398421589
2015-08-21,0.000398301472
2015-08-22,0.000398375926
2015-08-23,0.000398232821
2015-08-24,0.000398130043
2015-08-25,0.000397979316
2015-08-26,0.00039790676
2015-08-27,0.000397976398
2015-08-28,0.000397926573
2015-08-29,0.00039785667
2015-08-30,0.000398030369
2015-08-31,0.000398085851
2015-09-01,0.00039794233
2015-09-02,0.000397961735
2015-09-03,0.000397967449
2015-09-04,0.000397889503
2015-09-05,0.00039767907
2015-09-06,0.000397564559
2015-09-07,0.00039781317
2015-09-08,0.00039790363
2015-09-09,0.000397933454
2015-09-10,0.000397919896
2015-09-11,0.000398212946
2015-09-12,0.000398017506
2015-09-13,0.000397804714
2015-09-14,0.000398107618
2015-09-15,0.000398405469
2015-09-16,0.000398429044
2015-09-17,0.000398596355
2015-09-18,0.000398534885
2015-09-19,0.000398412078
2015-09-20,0.000398357456
2015-09-21,0.000398175682
2015-09-22,0.000398304753
2015-09-23,0.000398192104
2015-09-24,0.000397973394
2015-09-25,0.000398184418
2015-09-26,0.000398234226
2015-09-27,0.000398532977
2015-09-28,0.000398543511
2015-09-29,0.000398487852
2015-09-30,0.00039847096
2015-10-01,0.000398575353
2015-10-02,0.000398660694
2015-10-03,0.000398739653
2015-10-04,0.000398626722
2015-10-05,0.000398419731
2015-10-06,0.000398428456
2015-10-07,0.000398300785
2015-10-08,0.00039800517
2015-10-09,0.000397902198
2015-10-10,0.000398556005
2015-10-11,0.000398495318
2015-10-12,0.00039838932
2015-10-13,0.000398684907
2015-10-14,0.000398630573
2015-10-15,0.000398788263
2015-10-16,0.000399403665
2015-10-17,0.000400155251
2015-10-18,0.000399957943
2015-10-19,0.000399945663
2015-10-20,0.000399969527
2015-10-21,0.00039953532
2015-10-22,0.000399493966
2015-10-23,0.000399360096
2015-10-24,0.000399590856
2015-10-25,0.000399522807
2015-10-26,0.000399559235
2015-10-27,0.000399802266
2015-10-28,0.000399825783
2015-10-29,0.000399403516
2015-10-30,0.00039912146
2015-10-31,0.000399370121
2015-11-01,0.000399795515
2015-11-02,0.000399901279
2015-11-03,0.00039962118
2015-11-04,0.000399865914
2015-11-05,0.000400792839
2015-11-06,0.000400567493
2015-11-07,0.000400280657
2015-11-08,0.000400315923
2015-11-09,0.000400993453
2015-11-10,0.000401173496
2015-11-11,0.000401014016
2015-11-12,0.000400105095
2015-11-13,0.000400039225
2015-11-14,0.000400169051
2015-11-15,0.00040041957
2015-11-16,0.000400514052
2015-11-17,0.000400418871
2015-11-18,0.000400728665
2015-11-19,0.000400432045
2015-11-20,0.000400220167
2015-11-21,0.000400561981
2015-11-22,0.000401051996
2015-11-23,0.000400727169
2015-11-24,0.000400484159
2015-11-25,0.000400417415
2015-11-26,0.000400748019
2015-11-27,0.000400674566
2015-11-28,0.000400390838
2015-11-29,0.000400587312
2015-11-30,0.000400910185
2015-12-01,0.000400964968
2015-12-02,0.000400991211
2015-12-03,0.000401063821
2015-12-04,0.00040083453
2015-12-05,0.000400402387
2015-12-06,0.000399993694
2015-12-07,0.000400202929
2015-12-08,0.000400745587
2015-12-09,0.000400769117
2015-12-10,0.000400738157
2015-12-11,0.000400929009
2015-12-12,0.000400934546
2015-12-13,0.000400897779
2015-12-14,0.000400645342
2015-12-15,0.00040080344
2015-12-16,0.000400875911
2015-12-17,0.000400983762
2015-12-18,0.000401194848
2015-12-19,0.000401092072
2015-12-20,0.000401322832
2015-12-21,0.000400975105
2015-12-22,0.000401014848
2015-12-23,0.000401162199
2015-12-24,0.000401295184
2015-12-25,0.000401089327
2015-12-26,0.000400702498
2015-12-27,0.000400965836
2015-12-28,0.000401449756
2015-12-29,0.000401681716
2015-12-30,0.00040183168
2015-12-31,0.000401997853
2016-01-01,0.000402357318
2016-01-02,0.000402401115
2016-01-03,0.000401942786
2016-01-04,0.000401931296
2016-01-05,0.000402291621
2016-01-06,0.000402811172
2016-01-07,0.000403133586
2016-01-08,0.000403009467
2016-01-09,0.000402884855
2016-01-10,0.000402765766
2016-01-11,0.000402760178
2016-01-12,0.000402981701
2016-01-13,0.000403299963
2016-01-14,0.000403562046
2016-01-15,0.000403857026
2016-01-16,0.000404033677
2016-01-17,0.00040382362
2016-01-18,0.000403646161
2016-01-19,0.000404322466
2016-01-20,0.000404209742
2016-01-21,0.000403314056
2016-01-22,0.000403179572
2016-01-23,0.000403288634
2016-01-24,0.000403257952
2016-01-25,0.000403242053
2016-01-26,0.000403656832
2016-01-27,0.000403959483
2016-01-28,0.000403926144
2016-01-29,0.000403935535
2016-01-30,0.000404333889
2016-01-31,0.000404553573
2016-02-01,0.000404032258
2016-02-02,0.000403628696
2016-02-03,0.000403826683
2016-02-04,0.000403882473
2016-02-05,0.00040357394
2016-02-06,0.000403446874
2016-02-07,0.000403710235
2016-02-08,0.000403750178
2016-02-09,0.000403442692
2016-02-10,0.000403160706
2016-02-11,0.00040332275
2016-02-12,0.000402890139
2016-02-13,0.000402809307
2016-02-14,0.000402741502
2016-02-15,0.000402695499
2016-02-16,0.000402679639
2016-02-17,0.000402949154
2016-02-18,0.000402760821
2016-02-19,0.000402400731
2016-02-20,0.000402196644
2016-02-21,0.000402585879
2016-02-22,0.000402327954
2016-02-23,0.000402317808
2016-02-24,0.000402458725
2016-02-25,0.000402678148
2016-02-26,0.000403344584
2016-02-27,0.00040365557
2016-02-28,0.000403361543
2016-02-29,0.000403266101
2016-03-01,0.000403182534
2016-03-02,0.000403304289
2016-03-03,0.000403408601
2016-03-04,0.000403607334
2016-03-05,0.0004035625
2016-03-06,0.000403788543
2016-03-07,0.000404213506
2016-03-08,0.000404071633
2016-03-09,0.00040413825
2016-03-10,0.000404480879
2016-03-11,0.000404172438
2016-03-12,0.000404485958
2016-03-13,0.000404421447
2016-03-14,0.000404059813
2016-03-15,0.000404090226
2016-03-16,0.000404214025
2016-03-17,0.000404154786
2016-03-18,0.000403894931
2016-03-19,0.000404026243
2016-03-20,0.000404041324
2016-03-21,0.00040395972
2016-03-22,0.000403420831
2016-03-23,0.000403301595
2016-03-24,0.000403608426
2016-03-25,0.00040377661
2016-03-26,0.000403939892
2016-03-27,0.000404234554
2016-03-28,0.000404422501
2016-03-29,0.000404009267
2016-03-30,0.000403936756
2016-03-31,0.000403712511
2016-04-01,0.00040376878
2016-04-02,0.000404163045
2016-04-03,0.000403615292
2016-04-04,0.000403746382
2016-04-05,0.000404177101
2016-04-06,0.000403711171
2016-04-07,0.000403658293
2016-04-08,0.000403728958
2016-04-09,0.000404499486
2016-04-10,0.000404651811
2016-04-11,0.000403967862
2016-04-12,0.000403601737
2016-04-13,0.000403331525
2016-04-14,0.000402878023
2016-04-15,0.000403040996
2016-04-16,0.000403119451
2016-04-17,0.000402746307
2016-04-18,0.000402506781
2016-04-19,0.000402336751
2016-04-20,0.000402204318
2016-04-21,0.00040263016
2016-04-22,0.000402511937
2016-04-23,0.000402675592
2016-04-24,0.000403081776
2016-04-25,0.000403819821
2016-04-26,0.000404040549
2016-04-27,0.000404151346
2016-04-28,0.000404282629
2016-04-29,0.000403310904
2016-04-30,0.000402428574
2016-05-01,0.000402003605
2016-05-02,0.000402005016
2016-05-03,0.0004022041
2016-05-04,0.000402587574
2016-05-05,0.000403184881
2016-05-06,0.000403349174
2016-05-07,0.0004032849
2016-05-08,0.000402939699
2016-05-09,0.000402950841
2016-05-10,0.000402626304
2016-05-11,0.000402402844
2016-05-12,0.000402559773
2016-05-13,0.000402687132
2016-05-14,0.000402948818
2016-05-15,0.000403051771
2016-05-16,0.000403186592
2016-05-17,0.000403279811
2016-05-18,0.000403273431
2016-05-19,0.00040304693
2016-05-20,0.000402411344
2016-05-21,0.000402256175
2016-05-22,0.000402802932
2016-05-23,0.000403153843
2016-05-24,0.000402869144
2016-05-25,0.000402983672
2016-05-26,0.000403034045
2016-05-27,0.000402874195
2016-05-28,0.000403215938
2016-05-29,0.000403288199
2016-05-30,0.000403281468
2016-05-31,0.000402911108
2016-06-01,0.000403148299
2016-06-02,0.00040358067
2016-06-03,0.0004034719
2016-06-04,0.000403127691
2016-06-05,0.00040288454
2016-06-06,0.000402859835
2016-06-07,0.000403303413
2016-06-08,0.000403189632
2016-06-09,0.000402905036
2016-06-10,0.000403230614
2016-06-11,0.000402911922
2016-06-12,0.000403010521
2016-06-13,0.00040262427
2016-06-14,0.000402483141
2016-06-15,0.000402394898
2016-06-16,0.000402746484
2016-06-17,0.000402719176
2016-06-18,0.000402901994
2016-06-19,0.000402748095
2016-06-20,0.000402959983
2016-06-21,0.000402839927
2016-06-22,0.000402818308
2016-06-23,0.000402864693
2016-06-24,0.000402860929
2016-06-25,0.000402584319
2016-06-26,0.000402699851
2016-06-27,0.000403457964
2016-06-28,0.000403352457
2016-06-29,0.000402917635
2016-06-30,0.000403131106
2016-07-01,0.000403290852
2016-07-02,0.000403199947
2016-07-03,0.000402829652
2016-07-04,0.000402842768
2016-07-05,0.000402287955
2016-07-06,0.000402399778
2016-07-07,0.000402746563
2016-07-08,0.000402489209
2016-07-09,0.000402404448
2016-07-10,0.000402424541
2016-07-11,0.0004023879
2016-07-12,0.000402146709
2016-07-13,0.000402288494
2016-07-14,0.000402501601
2016-07-15,0.000402625499
2016-07-16,0.000402297902
2016-07-17,0.000402182747
2016-07-18,0.00040262705
2016-07-19,0.000402223727
2016-07-20,0.000402168018
2016-07-21,0.000402015843
2016-07-22,0.000401891602
2016-07-23,0.000402316331
2016-07-24,0.000402509105
2016-07-25,0.000402593147
2016-07-26,0.000402170207
2016-07-27,0.000402044928
2016-07-28,0.000401942241
2016-07-29,0.000402312545
2016-07-30,0.000402178514
2016-07-31,0.000402167686
2016-08-01,0.000402182507
2016-08-02,0.000401694996
2016-08-03,0.000401637239
2016-08-04,0.000401662731
2016-08-05,0.000401758099
2016-08-06,0.000401851309
2016-08-07,0.00040208498
2016-08-08,0.000401866563
2016-08-09,0.00040169998
2016-08-10,0.000401655285
2016-08-11,0.000401406178
2016-08-12,0.000401189032
2016-08-13,0.000401072579
2016-08-14,0.000401444023
2016-08-15,0.000401589681
2016-08-16,0.000401764443
2016-08-17,0.000401801539
2016-08-18,0.000401844504
2016-08-19,0.000402008112
2016-08-20,0.000402016675
2016-08-21,0.00040199345
2016-08-22,0.0004021319
2016-08-23,0.000402624648
2016-08-24,0.000402123173
2016-08-25,0.000401977182
2016-08-26,0.000402031992
2016-08-27,0.000402110288
2016-08-28,0.000402056093
2016-08-29,0.000401854472
2016-08-30,0.000401882006
2016-08-31,0.000402003727
2016-09-01,0.00040195273
2016-09-02,0.000402034459
2016-09-03,0.00040196339
2016-09-04,0.000401848543
2016-09-05,0.000402118422
2016-09-06,0.000402012907
2016-09-07,0.000401654711
2016-09-08,0.000401775353
2016-09-09,0.000401700518
2016-09-10,0.000401585297
2016-09-11,0.000401590625
2016-09-12,0.000401482684
2016-09-13,0.000401378995
2016-09-14,0.000401380763
2016-09-15,0.000401608485
2016-09-16,0.000401469044
2016-09-17,0.000401171333
2016-09-18,0.000401503592
2016-09-19,0.000401595192
2016-09-20,0.000401504193
2016-09-21,0.000401520217
2016-09-22,0.00040141456
2016-09-23,0.000401660475
2016-09-24,0.000402008579
2016-09-25,0.000401997047
2016-09-26,0.000401887558
2016-09-27,0.000402029401
2016-09-28,0.000401987796
2016-09-29,0.000402084136
2016-09-30,0.000402216672
2016-10-01,0.000402237891
2016-10-02,0.0004019803
2016-10-03,0.000401955328
2016-10-04,0.000402062525
2016-10-05,0.000401939215
2016-10-06,0.000401980946
2016-10-07,0.000401765862
2016-10-08,0.00040183714
2016-10-09,0.00040183142
2016-10-10,0.000402511307
2016-10-11,0.000402705781
2016-10-12,0.000403326996
2016-10-13,0.00040328435
2016-10-14,0.000403267659
2016-10-15,0.000402866173
2016-10-16,0.000402762399
2016-10-17,0.000403123604
2016-10-18,0.000402984062
2016-10-19,0.000402962344
2016-10-20,0.00040290318
2016-10-21,0.000402723389
2016-10-22,0.000402408175
2016-10-23,0.000402274043
2016-10-24,0.000402483866
2016-10-25,0.000402718268
2016-10-26,0.000402522945
2016-10-27,0.000402585178
2016-10-28,0.00040192186
2016-10-29,0.000402246483
2016-10-30,0.000403110336
2016-10-31,0.000402646954
2016-11-01,0.000402178221
2016-11-02,0.00040240034
2016-11-03,0.000402660492
2016-11-04,0.00040331768
2016-11-05,0.000403596778
2016-11-06,0.000403611652
2016-11-07,0.000403382497
2016-11-08,0.000403155407
2016-11-09,0.000402835373
2016-11-10,0.000402444487
2016-11-11,0.000402417066
2016-11-12,0.000402036613
2016-11-13,0.000402044659
2016-11-14,0.00040174985
2016-11-15,0.000401843581
2016-11-16,0.000401763737
2016-11-17,0.000401989737
2016-11-18,0.000402262625
2016-11-19,0.000402171445
2016-11-20,0.000402042228
2016-11-21,0.00040204452
2016-11-22,0.000402391149
2016-11-23,0.000402964088
2016-11-24,0.000403075077
2016-11-25,0.000403423926
2016-11-26,0.000403481106
2016-11-27,0.000403784553
2016-11-28,0.00040365103
2016-11-29,0.000404109104
2016-11-30,0.000404346943
2016-12-01,0.000404067026
2016-12-02,0.000404035326
2016-12-03,0.000404234974
2016-12-04,0.000404336692
2016-12-05,0.000404163617
2016-12-06,0.000404287391
2016-12-07,0.000404530413
2016-12-08,0.000404720997
2016-12-09,0.000404826185
2016-12-10,0.000404817156
2016-12-11,0.000405032369
2016-12-12,0.000404537055
2016-12-13,0.000404564052
2016-12-14,0.000404637869
2016-12-15,0.000404927182
2016-12-16,0.000405339238
2016-12-17,0.000405125455
2016-12-18,0.000404997945
2016-12-19,0.000404634691
2016-12-20,0.000404486427
2016-12-21,0.000404582667
2016-12-22,0.000404299004
2016-12-23,0.000404887264
2016-12-24,0.000405306372
2016-12-25,0.000405420865
2016-12-26,0.000405153328
2016-12-27,0.000405063875
2016-12-28,0.000404767953
2016-12-29,0.000404868339
2016-12-30,0.000404484482
2016-12-31,0.000404439261
2017-01-01,0.000404519776
2017-01-02,0.000404463923
2017-01-03,0.00040472322
2017-01-04,0.000404313969
2017-01-05,0.000403971796
2017-01-06,0.000404258163
2017-01-07,0.000404132568
2017-01-08,0.000403988471
2017-01-09,0.000404009888
2017-01-10,0.000404629895
2017-01-11,0.000404473476
2017-01-12,0.000403777614
2017-01-13,0.000404772698
2017-01-14,0.00040486398
2017-01-15,0.000404989125
2017-01-16,0.000404850855
2017-01-17,0.000404776021
2017-01-18,0.00040456975
2017-01-19,0.000404099651
2017-01-20,0.000403998874
2017-01-21,0.000404255976
2017-01-22,0.000404869403
2017-01-23,0.000404751551
2017-01-24,0.000404939569
2017-01-25,0.000404801811
2017-01-26,0.000404179208
2017-01-27,0.000404255499
2017-01-28,0.000404532537
2017-01-29,0.000404532815
2017-01-30,0.000404670944
2017-01-31,0.00040466802
2017-02-01,0.000404622707
2017-02-02,0.000405143355
2017-02-03,0.000405709464
2017-02-04,0.000405840037
2017-02-05,0.00040551015
2017-02-06,0.000405007685
2017-02-07,0.000405078139
2017-02-08,0.00040556857
2017-02-09,0.000405888025
2017-02-10,0.000406219688
2017-02-11,0.000406217073
2017-02-12,0.000406243399
2017-02-13,0.000405864601
2017-02-14,0.000406241637
2017-02-15,0.000406749319
2017-02-16,0.000406332864
2017-02-17,0.000405481828
2017-02-18,0.000405436009
2017-02-19,0.000405438926
2017-02-20,0.000405468811
2017-02-21,0.000405352462
2017-02-22,0.000405637618
2017-02-23,0.000405252896
2017-02-24,0.00040497233
2017-02-25,0.000404934684
2017-02-26,0.000404713947
2017-02-27,0.000405162492
2017-02-28,0.000405172863
2017-03-01,0.000405357843
2017-03-02,0.000405442082
2017-03-03,0.000405309426
2017-03-04,0.000405515116
2017-03-05,0.000405337395
2017-03-06,0.000404823396
2017-03-07,0.000404820627
2017-03-08,0.000404362133
2017-03-09,0.000404321805
2017-03-10,0.000404399755
2017-03-11,0.000404529504
2017-03-12,0.00040473187
2017-03-13,0.000404906972
2017-03-14,0.000405178476
2017-03-15,0.000405570456
2017-03-16,0.00040545488
2017-03-17,0.000405572757
2017-03-18,0.000405440557
2017-03-19,0.000405196107
2017-03-20,0.000404679373
2017-03-21,0.000404772954
2017-03-22,0.000404612676
2017-03-23,0.000404227638
2017-03-24,0.000403895828
2017-03-25,0.000404514436
2017-03-26,0.000404458035
2017-03-27,0.000404346629
2017-03-28,0.000404557067
2017-03-29,0.000404863261
2017-03-30,0.000404777434
2017-03-31,0.000404693613
2017-04-01,0.000405062044
2017-04-02,0.000405025055
2017-04-03,0.000405311118
2017-04-04,0.000405741403
2017-04-05,0.000405750482
2017-04-06,0.000405090425
2017-04-07,0.000404606101
2017-04-08,0.000404559032
2017-04-09,0.000404323083
2017-04-10,0.00040394568
2017-04-11,0.000404031332
2017-04-12,0.000404467308
2017-04-13,0.000404013063
2017-04-14,0.000403924263
2017-04-15,0.000404797685
2017-04-16,0.000404698671
2017-04-17,0.000404173354
2017-04-18,0.000403932968
2017-04-19,0.000404321207
2017-04-20,0.000404059938
2017-04-21,0.000404694836
2017-04-22,0.00040460493
2017-04-23,0.000403946538
2017-04-24,0.00040366957
2017-04-25,0.000404313212
2017-04-26,0.000404213316
2017-04-27,0.000403925934
2017-04-28,0.00040379516
2017-04-29,0.000403472846
2017-04-30,0.000403113343
2017-05-01,0.000403495709
2017-05-02,0.000403686808
2017-05-03,0.000403404233
2017-05-04,0.000403355702
2017-05-05,0.000403438946
2017-05-06,0.000403826736
2017-05-07,0.000403900455
2017-05-08,0.000404031497
2017-05-09,0.00040421187
2017-05-10,0.000403936251
2017-05-11,0.000403582004
2017-05-12,0.000403613664
2017-05-13,0.000404003468
2017-05-14,0.000404178599
2017-05-15,0.00040416861
2017-05-16,0.000404311684
2017-05-17,0.000404878883
2017-05-18,0.00040507986
2017-05-19,0.000405029087
2017-05-20,0.000404778429
2017-05-21,0.000404513642
2017-05-22,0.000404363925
2017-05-23,0.000404372894
2017-05-24,0.000404082382
2017-05-25,0.000403927625
2017-05-26,0.000404229996
2017-05-27,0.000404092325
2017-05-28,0.000404480138
2017-05-29,0.000404308298
2017-05-30,0.000403975013
2017-05-31,0.00040399798
2017-06-01,0.000403979891
2017-06-02,0.000403602278
2017-06-03,0.000404149435
2017-06-04,0.000404448126
2017-06-05,0.000404603461
2017-06-06,0.00040437279
2017-06-07,0.000404535338
2017-06-08,0.000404426698
2017-06-09,0.000404581276
2017-06-10,0.000404463554
2017-06-11,0.000404446906
2017-06-12,0.000404451837
2017-06-13,0.00040440375
2017-06-14,0.000404594579
2017-06-15,0.000404584258
2017-06-16,0.000404512769
2017-06-17,0.000404643572
2017-06-18,0.000404725212
2017-06-19,0.00040479218
2017-06-20,0.000404540606
2017-06-21,0.000404474215
2017-06-22,0.000404303572
2017-06-23,0.000404434664
2017-06-24,0.00040446406
2017-06-25,0.000404793835
2017-06-26,0.000404587474
2017-06-27,0.000404330952
2017-06-28,0.000404427369
2017-06-29,0.000404251801
2017-06-30,0.000404326722
2017-07-01,0.000404213838
2017-07-02,0.000404360883
2017-07-03,0.000403968011
2017-07-04,0.000403634234
2017-07-05,0.000404280649
2017-07-06,0.000404547276
2017-07-07,0.000404486159
2017-07-08,0.000404027755
2017-07-09,0.000403925521
2017-07-10,0.000404387607
2017-07-11,0.000404360874
2017-07-12,0.00040419003
2017-07-13,0.000403656217
2017-07-14,0.000403775993
2017-07-15,0.000403986003
2017-07-16,0.00040375516
2017-07-17,0.00040347111
2017-07-18,0.000403469397
2017-07-19,0.000403598214
2017-07-20,0.000403468545
2017-07-21,0.000403383925
2017-07-22,0.000403724194
2017-07-23,0.000403798561
2017-07-24,0.000403615131
2017-07-25,0.000403855216
2017-07-26,0.000404085342
2017-07-27,0.000403989794
2017-07-28,0.000403796397
2017-07-29,0.000403919532
2017-07-30,0.000404135076
2017-07-31,0.000404126331
2017-08-01,0.000403913274
2017-08-02,0.000403750272
2017-08-03,0.000403404925
2017-08-04,0.000403179982
2017-08-05,0.000403080336
2017-08-06,0.000402808455
2017-08-07,0.000402806172
2017-08-08,0.00040267867
2017-08-09,0.000402681101
2017-08-10,0.000402751429
2017-08-11,0.000402667042
2017-08-12,0.000402808222
2017-08-13,0.000402665547
2017-08-14,0.000402996951
2017-08-15,0.000402991671
2017-08-16,0.000402942873
2017-08-17,0.000402809112
2017-08-18,0.00040283005
2017-08-19,0.00040270433
2017-08-20,0.00040275873
2017-08-21,0.00040293593
2017-08-22,0.00040291013
2017-08-23,0.000402737749
2017-08-24,0.00040275896
2017-08-25,0.000403124087
2017-08-26,0.000403044513
2017-08-27,0.000402944083
2017-08-28,0.000402883177
2017-08-29,0.000403004356
2017-08-30,0.000403326435
2017-08-31,0.000403324047
2017-09-01,0.00040346579
2017-09-02,0.000403288102
2017-09-03,0.00040344216
2017-09-04,0.000403748344
2017-09-05,0.000403941382
2017-09-06,0.000403875622
2017-09-07,0.000403689721
2017-09-08,0.000403645781
2017-09-09,0.000403677723
2017-09-10,0.000403619152
2017-09-11,0.000403838147
2017-09-12,0.000404030143
2017-09-13,0.000404162543
2017-09-14,0.000403943696
2017-09-15,0.000403641575
2017-09-16,0.000404194312
2017-09-17,0.000404636533
2017-09-18,0.00040427016
2017-09-19,0.000403702561
2017-09-20,0.0004035769
2017-09-21,0.000403418154
2017-09-22,0.000403511818
2017-09-23,0.000403649398
2017-09-24,0.000403648823
2017-09-25,0.000403371205
2017-09-26,0.000403530195
2017-09-27,0.000403759666
2017-09-28,0.00040380486
2017-09-29,0.000404003891
2017-09-30,0.000403858001
2017-10-01,0.000404018094
2017-10-02,0.000403903286
2017-10-03,0.000403620783
2017-10-04,0.000403935862
2017-10-05,0.000404113422
2017-10-06,0.000404153501
2017-10-07,0.000404238695
2017-10-08,0.00040413774
2017-10-09,0.000403815924
2017-10-10,0.000403882154
2017-10-11,0.000404057555
2017-10-12,0.000403787426
2017-10-13,0.000403900853
2017-10-14,0.000403792065
2017-10-15,0.000403793175
2017-10-16,0.000404036968
2017-10-17,0.000404183734
2017-10-18,0.000404021529
2017-10-19,0.000403869158
2017-10-20,0.000403874265
2017-10-21,0.000404054171
2017-10-22,0.000404562906
2017-10-23,0.000404569516
2017-10-24,0.000404860021
2017-10-25,0.000404702838
2017-10-26,0.000404494982
2017-10-27,0.000404221264
2017-10-28,0.000404458725
2017-10-29,0.000404618281
2017-10-30,0.000404386554
2017-10-31,0.000404618073
2017-11-01,0.000404769399
2017-11-02,0.000404671369
2017-11-03,0.000404221553
2017-11-04,0.000404106397
2017-11-05,0.000404095823
2017-11-06,0.00040455513
2017-11-07,0.000404726217
2017-11-08,0.000404588982
2017-11-09,0.000404296087
2017-11-10,0.000404353316
2017-11-11,0.00040455912
2017-11-12,0.000404764015
2017-11-13,0.000405014241
2017-11-14,0.000405472789
2017-11-15,0.000405106377
2017-11-16,0.000405281449
2017-11-17,0.000405262006
2017-11-18,0.000405093206
2017-11-19,0.000405258976
2017-11-20,0.000405423801
2017-11-21,0.000405404835
2017-11-22,0.000405973928
2017-11-23,0.000406719489
2017-11-24,0.00040691326
2017-11-25,0.000406268937
2017-11-26,0.000406236377
2017-11-27,0.000406249622
2017-11-28,0.000406495918
2017-11-29,0.000406594481
2017-11-30,0.000406613691
2017-12-01,0.000406439351
2017-12-02,0.00040637824
2017-12-03,0.000406834068
2017-12-04,0.000407368925
2017-12-05,0.000406717165
2017-12-06,0.000406354101
2017-12-07,0.000406617431
2017-12-08,0.000407384879
2017-12-09,0.000407555702
2017-12-10,0.000407412189
2017-12-11,0.000407285481
2017-12-12,0.000407169026
2017-12-13,0.00040756948
2017-12-14,0.000408035337
2017-12-15,0.000407695559
2017-12-16,0.000407794124
2017-12-17,0.000407977949
2017-12-18,0.000407631853
2017-12-19,0.000407294345
2017-12-20,0.000407033133
2017-12-21,0.000407346305
2017-12-22,0.000407276696
2017-12-23,0.000407428195
2017-12-24,0.000407086544
2017-12-25,0.000406891189
2017-12-26,0.000407356765
2017-12-27,0.00040772221
2017-12-28,0.000408391212
2017-12-29,0.00040778878
2017-12-30,0.000407584373
2017-12-31,0.00040749178
2018-01-01,0.000407199133
2018-01-02,0.000407236299
2018-01-03,0.000407215639
2018-01-04,0.000407180269
2018-01-05,0.000407130137
2018-01-06,0.000407270687
2018-01-07,0.000407263824
2018-01-08,0.000407566061
2018-01-09,0.000407476165
2018-01-10,0.000406783328
2018-01-11,0.000406831241
2018-01-12,0.000406357071
2018-01-13,0.000406531883
2018-01-14,0.00040720299
2018-01-15,0.000407255209
2018-01-16,0.000406892533
2018-01-17,0.000406451476
2018-01-18,0.000406452212
2018-01-19,0.000406544388
2018-01-20,0.00040610398
2018-01-21,0.000406219291
2018-01-22,0.000406551545
2018-01-23,0.000406509762
2018-01-24,0.000406268602
2018-01-25,0.000406102943
2018-01-26,0.000406436974
2018-01-27,0.000406555997
2018-01-28,0.00040692758
2018-01-29,0.000406802216
2018-01-30,0.000406939963
2018-01-31,0.000406990245
2018-02-01,0.000406479671
2018-02-02,0.000406513299
2018-02-03,0.000407020731
2018-02-04,0.000407410385
2018-02-05,0.000407939694
2018-02-06,0.00040810116
2018-02-07,0.00040772501
2018-02-08,0.000407603018
2018-02-09,0.000407663037
2018-02-10,0.000407859493
2018-02-11,0.000407716383
2018-02-12,0.000407703353
2018-02-13,0.000407560236
2018-02-14,0.000407515927
2018-02-15,0.000407426462
2018-02-16,0.000407838553
2018-02-17,0.000408440948
2018-02-18,0.000408569815
2018-02-19,0.000408665543
2018-02-20,0.000408886463
2018-02-21,0.000409175807
2018-02-22,0.000408804087
2018-02-23,0.000408707233
2018-02-24,0.000408305954
2018-02-25,0.000408174033
2018-02-26,0.000407952184
2018-02-27,0.000408176523
2018-02-28,0.000408446923
2018-03-01,0.000408171367
2018-03-02,0.000407762831
2018-03-03,0.000407370122
2018-03-04,0.000407605482
2018-03-05,0.000407758347
2018-03-06,0.000408228449
2018-03-07,0.000408553431
2018-03-08,0.000409001185
2018-03-09,0.000408878027
2018-03-10,0.00040856577
2018-03-11,0.000408555343
2018-03-12,0.000408636135
2018-03-13,0.000408919349
2018-03-14,0.000409178594
2018-03-15,0.000408930108
2018-03-16,0.000408110494
2018-03-17,0.000407868606
2018-03-18,0.000407628797
2018-03-19,0.000407671869
2018-03-20,0.000407401845
2018-03-21,0.00040763851
2018-03-22,0.000407916196
2018-03-23,0.000408201657
2018-03-24,0.000408128308
2018-03-25,0.000408240526
2018-03-26,0.000408481928
2018-03-27,0.000408257226
2018-03-28,0.000407930244
2018-03-29,0.000407372042
2018-03-30,0.000407012167
2018-03-31,0.000407120174
2018-04-01,0.000407841575
2018-04-02,0.000407930956
2018-04-03,0.000407283716
2018-04-04,0.000407268409
2018-04-05,0.000407667137
2018-04-06,0.00040777542
2018-04-07,0.000407923602
2018-04-08,0.000408210494
2018-04-09,0.00040865818
2018-04-10,0.000408523824
2018-04-11,0.000408965556
2018-04-12,0.000408984913
2018-04-13,0.000409029867
2018-04-14,0.000408587318
2018-04-15,0.000408432393
2018-04-16,0.000408676363
2018-04-17,0.000408502964
2018-04-18,0.000408118566
2018-04-19,0.000407501732
2018-04-20,0.000407539308
2018-04-21,0.000407386824
2018-04-22,0.000407211357
2018-04-23,0.000407458208
2018-04-24,0.000407137108
2018-04-25,0.000407060523
2018-04-26,0.000406956132
2018-04-27,0.000407300188
2018-04-28,0.000407552276
2018-04-29,0.000407451242
2018-04-30,0.000407826901
2018-05-01,0.00040763436
2018-05-02,0.000407562599
2018-05-03,0.000407336973
2018-05-04,0.000407521332
2018-05-05,0.000407588191
2018-05-06,0.000407053037
2018-05-07,0.000406594097
2018-05-08,0.000406950378
2018-05-09,0.000407076387
2018-05-10,0.000406881896
2018-05-11,0.000407512816
2018-05-12,0.000407656584
2018-05-13,0.000407519334
2018-05-14,0.000406955089
2018-05-15,0.000406643581
2018-05-16,0.000406660472
2018-05-17,0.000406630368
2018-05-18,0.000406977927
2018-05-19,0.000407262502
2018-05-20,0.00040715715
2018-05-21,0.000406930046
2018-05-22,0.000407376857
2018-05-23,0.0004065205
2018-05-24,0.00040613485
2018-05-25,0.000406486372
2018-05-26,0.000406634488
2018-05-27,0.00040648439
2018-05-28,0.000406719872
2018-05-29,0.000406794891
2018-05-30,0.00040664109
2018-05-31,0.000406582983
2018-06-01,0.000406704171
2018-06-02,0.000406646229
2018-06-03,0.000406551155
2018-06-04,0.00040689853
2018-06-05,0.000406748006
2018-06-06,0.000406289773
2018-06-07,0.000406185057
2018-06-08,0.000406077423
2018-06-09,0.000406352217
2018-06-10,0.000407288906
2018-06-11,0.000407466595
2018-06-12,0.000407062618
2018-06-13,0.00040689977
2018-06-14,0.000407022123
2018-06-15,0.000407382555
2018-06-16,0.000407173026
2018-06-17,0.000406971457
2018-06-18,0.000406747341
2018-06-19,0.000407048834
2018-06-20,0.000406816113
2018-06-21,0.00040649788
2018-06-22,0.000406767839
2018-06-23,0.000406712389
2018-06-24,0.00040682575
2018-06-25,0.000406859854
2018-06-26,0.000406938796
2018-06-27,0.000406958719
2018-06-28,0.000406778897
2018-06-29,0.000406468134
2018-06-30,0.000406537544
2018-07-01,0.000406607307
2018-07-02,0.000406649694
2018-07-03,0.000406903239
2018-07-04,0.000406680012
2018-07-05,0.000406697874
2018-07-06,0.000406593687
2018-07-07,0.000406601273
2018-07-08,0.000406604268
2018-07-09,0.000406458035
2018-07-10,0.00040609911
2018-07-11,0.000405916743
2018-07-12,0.00040606689
2018-07-13,0.000406093038
2018-07-14,0.000406140435
2018-07-15,0.000405980675
2018-07-16,0.000406282836
2018-07-17,0.000406661692
2018-07-18,0.000406469163
2018-07-19,0.000406490954
2018-07-20,0.000406584816
2018-07-21,0.000406874574
2018-07-22,0.000406739031
2018-07-23,0.000406764158
2018-07-24,0.000406710129
2018-07-25,0.000406147402
2018-07-26,0.000406018414
2018-07-27,0.00040606705
2018-07-28,0.000406085247
2018-07-29,0.000405926419
2018-07-30,0.000405666786
2018-07-31,0.00040581602
2018-08-01,0.000405961163
2018-08-02,0.000406209395
2018-08-03,0.000406046948
2018-08-04,0.00040619738
2018-08-05,0.000405980778
2018-08-06,0.000405912211
2018-08-07,0.000405908696
2018-08-08,0.000406036172
2018-08-09,0.000406030422
2018-08-10,0.000405838458
2018-08-11,0.000405704216
2018-08-12,0.00040560359
2018-08-13,0.000405687175
2018-08-14,0.000405815333
2018-08-15,0.000405924423
2018-08-16,0.000406116182
2018-08-17,0.000405943492
2018-08-18,0.000406198376
2018-08-19,0.000406128285
2018-08-20,0.000406202549
2018-08-21,0.000406184145
2018-08-22,0.000405959492
2018-08-23,0.000405843686
2018-08-24,0.000406147397
2018-08-25,0.000406424169
2018-08-26,0.000406115664
2018-08-27,0.000406137541
2018-08-28,0.000405697687
2018-08-29,0.000405763805
2018-08-30,0.000405819851
2018-08-31,0.000405798345
2018-09-01,0.00040584521
2018-09-02,0.000405810781
2018-09-03,0.000405836405
2018-09-04,0.00040565268
2018-09-05,0.000405558163
2018-09-06,0.000405263648
2018-09-07,0.000405567864
2018-09-08,0.00040555547
2018-09-09,0.000405530556
2018-09-10,0.000405594035
2018-09-11,0.000405445651
2018-09-12,0.000405247576
2018-09-13,0.000405539622
2018-09-14,0.000405711175
2018-09-15,0.000405807871
2018-09-16,0.000405888777
2018-09-17,0.000405823636
2018-09-18,0.000405915428
2018-09-19,0.000406171452
2018-09-20,0.000406142649
2018-09-21,0.000406063386
2018-09-22,0.000406166788
2018-09-23,0.00040603517
2018-09-24,0.000406191642
2018-09-25,0.000406158057
2018-09-26,0.000405890086
2018-09-27,0.000405798742
2018-09-28,0.00040617771
2018-09-29,0.000405859633
2018-09-30,0.000405875686
2018-10-01,0.000405970079
2018-10-02,0.000406006153
2018-10-03,0.0004058989
2018-10-04,0.000405993586
2018-10-05,0.000406060703
2018-10-06,0.000405943097
2018-10-07,0.000405662491
2018-10-08,0.000405497617
2018-10-09,0.000406180651
2018-10-10,0.000406238476
2018-10-11,0.000406161805
2018-10-12,0.000406363158
2018-10-13,0.000406346341
2018-10-14,0.000406299918
2018-10-15,0.000406020311
2018-10-16,0.000405545788
2018-10-17,0.000405955573
2018-10-18,0.000406331291
2018-10-19,0.000406807754
2018-10-20,0.000406446099
2018-10-21,0.000406234722
2018-10-22,0.000406558962
2018-10-23,0.000406840183
2018-10-24,0.000407230709
2018-10-25,0.000407400861
2018-10-26,0.000406992047
2018-10-27,0.000406687916
2018-10-28,0.000406733858
2018-10-29,0.000406609989
2018-10-30,0.000406674554
2018-10-31,0.000406935622
2018-11-01,0.000407340565
2018-11-02,0.000406920609
2018-11-03,0.000407069966
2018-11-04,0.000407027267
2018-11-05,0.000407315408
2018-11-06,0.000407370781
2018-11-07,0.00040758586
2018-11-08,0.000407936366
2018-11-09,0.000408004609
2018-11-10,0.000408082545
2018-11-11,0.000408265848
2018-11-12,0.000408369191
2018-11-13,0.000408545695
2018-11-14,0.000408487331
2018-11-15,0.000408515764
2018-11-16,0.000408392041
2018-11-17,0.000407951014
2018-11-18,0.000408202238
2018-11-19,0.000408698909
2018-11-20,0.000409267015
2018-11-21,0.000409163018
2018-11-22,0.000408803489
2018-11-23,0.000408730851
2018-11-24,0.000408703255
2018-11-25,0.000408369008
2018-11-26,0.000408498884
2018-11-27,0.000408545336
2018-11-28,0.000408472354
2018-11-29,0.000408492451
2018-11-30,0.000408297757
2018-12-01,0.000408250587
2018-12-02,0.000408165634
2018-12-03,0.000408117699
2018-12-04,0.000408083963
2018-12-05,0.00040812067
2018-12-06,0.00040816024
2018-12-07,0.000408400617
2018-12-08,0.000408241827
2018-12-09,0.000408052028
2018-12-10,0.000408376375
2018-12-11,0.000408748004
2018-12-12,0.000408978283
2018-12-13,0.000408646264
2018-12-14,0.000408529416
2018-12-15,0.000408604638
2018-12-16,0.00040847222
2018-12-17,0.000408411174
2018-12-18,0.00040816461
2018-12-19,0.000408425133
2018-12-20,0.000408552391
2018-12-21,0.000408518759
2018-12-22,0.0004086744
2018-12-23,0.000408741076
2018-12-24,0.000408227145
2018-12-25,0.00040846324
2018-12-26,0.000408424341
2018-12-27,0.000408340285
2018-12-28,0.00040825319
2018-12-29,0.000408749041
2018-12-30,0.000408504169
2018-12-31,0.000408614987
2019-01-01,0.000408391889
2019-01-02,0.000408463407
2019-01-03,0.000408437757
2019-01-04,0.000408287108
2019-01-05,0.000408185767
2019-01-06,0.000407855502
2019-01-07,0.000407593873
2019-01-08,0.000408109322
2019-01-09,0.000408130542
2019-01-10,0.000408248945
2019-01-11,0.000408681459
2019-01-12,0.000408581981
2019-01-13,0.000408357525
2019-01-14,0.000408548332
2019-01-15,0.000408545652
2019-01-16,0.000408821916
2019-01-17,0.000408777672
2019-01-18,0.000408937095
2019-01-19,0.000408480733
2019-01-20,0.000408603633
2019-01-21,0.000408810942
2019-01-22,0.000408797688
2019-01-23,0.000408560244
2019-01-24,0.000408273222
2019-01-25,0.000408596554
2019-01-26,0.000408843359
2019-01-27,0.000408963182
2019-01-28,0.000408726273
2019-01-29,0.000409070886
2019-01-30,0.000408807078
2019-01-31,0.000408732359
2019-02-01,0.000408916615
2019-02-02,0.000408888952
2019-02-03,0.000408527925
2019-02-04,0.000408836742
2019-02-05,0.000408978732
2019-02-06,0.00040920173
2019-02-07,0.000409606696
2019-02-08,0.000409926442
2019-02-09,0.000410005723
2019-02-10,0.000409536733
2019-02-11,0.000409184732
2019-02-12,0.000408984199
2019-02-13,0.000408876551
2019-02-14,0.000408893923
2019-02-15,0.000409514911
2019-02-16,0.000409877262
2019-02-17,0.000410662069
2019-02-18,0.000410662548
2019-02-19,0.000410721004
2019-02-20,0.000410510423
2019-02-21,0.000410316004
2019-02-22,0.000410566894
2019-02-23,0.000410980689
2019-02-24,0.000410749662
2019-02-25,0.000410632415
2019-02-26,0.000410470441
2019-02-27,0.000410561182
2019-02-28,0.000410779881
2019-03-01,0.0004106517
2019-03-02,0.00041063937
2019-03-03,0.000410667406
2019-03-04,0.000410827303
2019-03-05,0.000410702628
2019-03-06,0.000410789065
2019-03-07,0.000410428057
2019-03-08,0.000410472595
2019-03-09,0.000410021489
2019-03-10,0.000410074545
2019-03-11,0.000410032585
2019-03-12,0.000410175663
2019-03-13,0.000410313646
2019-03-14,0.000410095869
2019-03-15,0.000409904577
2019-03-16,0.00041008551
2019-03-17,0.000410740923
2019-03-18,0.000410989559
2019-03-19,0.000410565253
2019-03-20,0.000410588055
2019-03-21,0.000410556646
2019-03-22,0.000410502565
2019-03-23,0.000411001904
2019-03-24,0.000410874128
2019-03-25,0.000410967745
2019-03-26,0.000411002327
2019-03-27,0.000411042642
2019-03-28,0.000410800683
2019-03-29,0.000410150898
2019-03-30,0.000409608216
2019-03-31,0.000410173787
2019-04-01,0.000410275462
2019-04-02,0.000410452346
2019-04-03,0.000410783547
2019-04-04,0.000411037293
2019-04-05,0.000411359209
2019-04-06,0.000411064061
2019-04-07,0.000410675034
2019-04-08,0.000410901665
2019-04-09,0.000411354201
2019-04-10,0.000410855837
2019-04-11,0.000410851398
2019-04-12,0.000410367236
2019-04-13,0.000410146243
2019-04-14,0.000410300647
2019-04-15,0.000409931635
2019-04-16,0.000409921894
2019-04-17,0.000410299799
2019-04-18,0.000410524193
2019-04-19,0.000410770968
2019-04-20,0.000410803633
2019-04-21,0.000410821558
2019-04-22,0.000410943297
2019-04-23,0.000410711139
2019-04-24,0.000410512078
2019-04-25,0.000410010842
2019-04-26,0.000409646116
2019-04-27,0.00040943289
2019-04-28,0.000409943576
2019-04-29,0.00041039102
2019-04-30,0.000410149867
2019-05-01,0.000410351479
2019-05-02,0.000410133224
2019-05-03,0.000410036162
2019-05-04,0.000409983116
2019-05-05,0.000410066398
2019-05-06,0.000410079957
2019-05-07,0.00040977217
2019-05-08,0.000409959953
2019-05-09,0.000410088513
2019-05-10,0.000410038688
2019-05-11,0.000409495033
2019-05-12,0.000409448019
2019-05-13,0.000409201461
2019-05-14,0.000409425285
2019-05-15,0.000409942396
2019-05-16,0.000410103561
2019-05-17,0.000410413248
2019-05-18,0.000410519815
2019-05-19,0.000409943947
2019-05-20,0.00040955952
2019-05-21,0.000409776753
2019-05-22,0.000409713731
2019-05-23,0.000409797565
2019-05-24,0.000409627621
2019-05-25,0.000409935302
2019-05-26,0.000410025975
2019-05-27,0.000409566394
2019-05-28,0.000408956768
2019-05-29,0.000409024778
2019-05-30,0.000409242449
2019-05-31,0.000409128693
2019-06-01,0.000409544175
2019-06-02,0.000409443398
2019-06-03,0.000409264396
2019-06-04,0.000409478566
2019-06-05,0.000409612649
2019-06-06,0.000409855415
2019-06-07,0.000409789282
2019-06-08,0.000409623422
2019-06-09,0.000409322782
2019-06-10,0.000409259959
2019-06-11,0.000409044603
2019-06-12,0.00040930512
2019-06-13,0.000409310633
2019-06-14,0.000409309965
2019-06-15,0.000408867698
2019-06-16,0.000408909451
2019-06-17,0.000409206745
2019-06-18,0.00040930081
2019-06-19,0.000409151497
2019-06-20,0.000409272433
2019-06-21,0.000409270659
2019-06-22,0.000409583799
2019-06-23,0.000409979164
2019-06-24,0.000410030894
2019-06-25,0.000409996427
2019-06-26,0.000409936821
2019-06-27,0.000409878522
2019-06-28,0.000409895279
2019-06-29,0.000409739014
2019-06-30,0.000409574464
2019-07-01,0.00040959381
2019-07-02,0.000409484073
2019-07-03,0.000409543024
2019-07-04,0.000409852571
2019-07-05,0.000409739587
2019-07-06,0.000409203541
2019-07-07,0.000408802788
2019-07-08,0.000409254039
2019-07-09,0.000409519304
2019-07-10,0.000409223636
2019-07-11,0.000409120997
2019-07-12,0.000409133205
2019-07-13,0.000409096542
2019-07-14,0.000408986761
2019-07-15,0.000409190867
2019-07-16,0.000409126161
2019-07-17,0.000409366156
2019-07-18,0.000409357607
2019-07-19,0.000409005936
2019-07-20,0.000409259609
2019-07-21,0.000409578664
2019-07-22,0.00040955841
2019-07-23,0.000409333249
2019-07-24,0.000409266236
2019-07-25,0.000409149767
2019-07-26,0.000409372009
2019-07-27,0.000409488263
2019-07-28,0.000409419158
2019-07-29,0.000409267357
2019-07-30,0.000409170848
2019-07-31,0.000409731955
2019-08-01,0.000409169901
2019-08-02,0.000409218124
2019-08-03,0.000409058033
2019-08-04,0.000409844421
2019-08-05,0.000409733196
2019-08-06,0.00040871354
2019-08-07,0.000408690839
2019-08-08,0.000408788489
2019-08-09,0.000409299093
2019-08-10,0.000409249057
2019-08-11,0.000409452944
2019-08-12,0.00040936837
2019-08-13,0.000409291019
2019-08-14,0.000409762083
2019-08-15,0.000408866198
2019-08-16,0.000408487132
2019-08-17,0.000408955375
2019-08-18,0.000409146545
2019-08-19,0.000409195471
2019-08-20,0.000408976964
2019-08-21,0.000408589917
2019-08-22,0.000408599016
2019-08-23,0.000408646282
2019-08-24,0.000408474153
2019-08-25,0.000408194274
2019-08-26,0.000408335141
2019-08-27,0.000408325306
2019-08-28,0.000408820897
2019-08-29,0.000408784187
2019-08-30,0.00040890362
2019-08-31,0.000408827725
2019-09-01,0.000408727432
2019-09-02,0.000408614231
2019-09-03,0.000408561816
2019-09-04,0.000408316242
2019-09-05,0.000408366964
2019-09-06,0.00040853545
2019-09-07,0.000408390165
2019-09-08,0.000408568252
2019-09-09,0.000408726884
2019-09-10,0.000408751412
2019-09-11,0.000409016997
2019-09-12,0.000408641842
2019-09-13,0.000408617044
2019-09-14,0.000408495448
2019-09-15,0.000408444797
2019-09-16,0.000408716811
2019-09-17,0.000408453156
2019-09-18,0.000408370641
2019-09-19,0.000408336007
2019-09-20,0.000408521456
2019-09-21,0.000408701665
2019-09-22,0.000408765296
2019-09-23,0.000408561565
2019-09-24,0.000408551755
2019-09-25,0.000408082296
2019-09-26,0.000408115773
2019-09-27,0.000407902383
2019-09-28,0.000407727433
2019-09-29,0.000408021796
2019-09-30,0.000408417947
2019-10-01,0.000408604542
2019-10-02,0.000408597445
2019-10-03,0.000408949798
2019-10-04,0.000408873934
2019-10-05,0.000408794573
2019-10-06,0.000408544867
2019-10-07,0.000408372055
2019-10-08,0.000408603231
2019-10-09,0.000408409418
2019-10-10,0.000408432284
2019-10-11,0.000408725744
2019-10-12,0.000409200179
2019-10-13,0.000409342873
2019-10-14,0.00040961638
2019-10-15,0.000409733905
2019-10-16,0.00040970409
2019-10-17,0.00040953703
2019-10-18,0.000409369605
2019-10-19,0.000409792194
2019-10-20,0.000409866801
2019-10-21,0.000409834887
2019-10-22,0.000409738217
2019-10-23,0.000409851189
2019-10-24,0.000409659892
2019-10-25,0.000409461484
2019-10-26,0.000409118756
2019-10-27,0.000409451638
2019-10-28,0.000410596014
2019-10-29,0.000411109601
2019-10-30,0.000411209314
2019-10-31,0.00041120726
2019-11-01,0.000411143314
2019-11-02,0.000410890112
2019-11-03,0.00041079848
2019-11-04,0.000410652931
2019-11-05,0.00041069231
2019-11-06,0.000410777336
2019-11-07,0.000410843363
2019-11-08,0.00041092916
2019-11-09,0.000411007166
2019-11-10,0.000410643945
2019-11-11,0.000410516987
2019-11-12,0.000410546626
2019-11-13,0.00041081572
2019-11-14,0.000410985299
2019-11-15,0.000410840425
2019-11-16,0.00041107207
2019-11-17,0.000411005261
2019-11-18,0.000410960264
2019-11-19,0.000410949279
2019-11-20,0.000410756949
2019-11-21,0.000410769472
2019-11-22,0.000410775372
2019-11-23,0.000410704396
2019-11-24,0.000410056777
2019-11-25,0.000410238656
2019-11-26,0.000410080383
2019-11-27,0.000410180928
2019-11-28,0.000410160443
2019-11-29,0.000410269967
2019-11-30,0.000410097555
2019-12-01,0.000410166232
2019-12-02,0.000410288302
2019-12-03,0.000410417658
2019-12-04,0.000410446791
2019-12-05,0.000410303447
2019-12-06,0.000410149186
2019-12-07,0.000410237499
2019-12-08,0.000410224932
2019-12-09,0.000410005671
2019-12-10,0.000410162557
2019-12-11,0.000410084847
2019-12-12,0.000410229902
2019-12-13,0.000410567852
2019-12-14,0.000410839507
2019-12-15,0.000410520774
2019-12-16,0.000410212949
2019-12-17,0.000410117548
2019-12-18,0.000410132343
2019-12-19,0.000410221261
2019-12-20,0.000410243754
2019-12-21,0.000410137451
2019-12-22,0.000410138881
2019-12-23,0.0004100197
2019-12-24,0.000410181209
2019-12-25,0.000410467949
2019-12-26,0.000410439887
2019-12-27,0.000410391193
2019-12-28,0.000410529131
2019-12-29,0.000410650431
2019-12-30,0.000410667215
2019-12-31,0.000410632993
2020-01-01,0.000410924384
2020-01-02,0.00041125049
2020-01-03,0.000411461771
2020-01-04,0.000411652636
2020-01-05,0.000412222358
2020-01-06,0.000412344529
2020-01-07,0.000411990577
2020-01-08,0.0004116906
2020-01-09,0.000411775506
2020-01-10,0.000411929324
2020-01-11,0.00041218372
2020-01-12,0.000411802306
2020-01-13,0.000411715731
2020-01-14,0.000411528049
2020-01-15,0.000411845914
2020-01-16,0.000411985897
2020-01-17,0.000411817446
2020-01-18,0.000412085477
2020-01-19,0.000411835133
2020-01-20,0.00041163682
2020-01-21,0.000411945035
2020-01-22,0.000412277228
2020-01-23,0.000412565938
2020-01-24,0.000412469042
2020-01-25,0.000412397714
2020-01-26,0.000412604212
2020-01-27,0.000412516537
2020-01-28,0.000412671155
2020-01-29,0.000412732652
2020-01-30,0.00041259298
2020-01-31,0.000412339466
2020-02-01,0.000412199985
2020-02-02,0.000412421989
2020-02-03,0.000412262073
2020-02-04,0.000412361417
2020-02-05,0.000412429516
2020-02-06,0.000412651131
2020-02-07,0.000412869304
2020-02-08,0.000413467069
2020-02-09,0.000413360308
2020-02-10,0.00041333359
2020-02-11,0.000413276427
2020-02-12,0.000413136989
2020-02-13,0.000412994891
2020-02-14,0.000412115348
2020-02-15,0.000411892033
2020-02-16,0.000411998469
2020-02-17,0.000412195703
2020-02-18,0.000412508317
2020-02-19,0.000413062596
2020-02-20,0.000413034225
2020-02-21,0.000413033937
2020-02-22,0.000413336224
2020-02-23,0.000413160696
2020-02-24,0.000413006528
2020-02-25,0.000413223711
2020-02-26,0.000413225502
2020-02-27,0.000413444046
2020-02-28,0.000413589038
2020-02-29,0.000413423079
2020-03-01,0.000413244396
2020-03-02,0.000413522862
2020-03-03,0.000413840027
2020-03-04,0.000413975139
2020-03-05,0.000413959511
2020-03-06,0.000414022244
2020-03-07,0.000414209716
2020-03-08,0.000414356196
2020-03-09,0.000414191963
2020-03-10,0.000414121525
2020-03-11,0.000413979672
2020-03-12,0.000413791368
2020-03-13,0.000413806812
2020-03-14,0.000413864915
2020-03-15,0.000413866883
2020-03-16,0.000413704054
2020-03-17,0.000413635279
2020-03-18,0.000413359759
2020-03-19,0.000413711619
2020-03-20,0.000413537121
2020-03-21,0.000413120183
2020-03-22,0.000413235768
2020-03-23,0.000413656288
2020-03-24,0.000413634247
2020-03-25,0.000413499099
2020-03-26,0.000413442041
2020-03-27,0.000413691465
2020-03-28,0.000413902073
2020-03-29,0.000413004287
2020-03-30,0.000412209449
2020-03-31,0.000412183614
2020-04-01,0.000412242051
2020-04-02,0.000412336583
2020-04-03,0.000412416728
2020-04-04,0.000412580553
2020-04-05,0.000413200099
2020-04-06,0.00041342538
2020-04-07,0.000413212051
2020-04-08,0.000413211707
2020-04-09,0.000413386484
2020-04-10,0.000413280823
2020-04-11,0.000413693235
2020-04-12,0.00041374201
2020-04-13,0.000413830409
2020-04-14,0.000413647252
2020-04-15,0.000413802477
2020-04-16,0.000413405106
2020-04-17,0.000413623678
2020-04-18,0.000414422922
2020-04-19,0.000414219867
2020-04-20,0.000413841143
2020-04-21,0.000413156166
2020-04-22,0.000413438303
2020-04-23,0.00041359585
2020-04-24,0.000413536313
2020-04-25,0.000413303848
2020-04-26,0.000412723768
2020-04-27,0.000411752609
2020-04-28,0.000411589324
2020-04-29,0.000411755782
2020-04-30,0.000411433871
2020-05-01,0.000411669982
2020-05-02,0.000412413428
2020-05-03,0.000412270527
2020-05-04,0.000412802999
2020-05-05,0.000412608395
2020-05-06,0.000412210143
2020-05-07,0.00041221967
2020-05-08,0.000412013056
2020-05-09,0.000411814604
2020-05-10,0.000412025452
2020-05-11,0.000412367335
2020-05-12,0.00041190937
2020-05-13,0.000411738216
2020-05-14,0.000411769577
2020-05-15,0.000411732824
2020-05-16,0.000412128401
2020-05-17,0.000412073474
2020-05-18,0.000411867134
2020-05-19,0.000411982023
2020-05-20,0.000412051591
2020-05-21,0.000411854605
2020-05-22,0.000411386372
2020-05-23,0.000411405868
2020-05-24,0.000411569672
2020-05-25,0.000411574604
2020-05-26,0.000411673762
2020-05-27,0.00041214033
2020-05-28,0.000412383247
2020-05-29,0.000411723693
2020-05-30,0.000411035697
2020-05-31,0.000411456664
2020-06-01,0.000411292498
2020-06-02,0.000411299456
2020-06-03,0.000411418806
2020-06-04,0.000411900345
2020-06-05,0.00041171153
2020-06-06,0.000411431466
2020-06-07,0.000411185744
2020-06-08,0.000411145882
2020-06-09,0.000411424032
2020-06-10,0.00041133606
2020-06-11,0.000410919318
2020-06-12,0.00041110036
2020-06-13,0.000411330511
2020-06-14,0.000411117711
2020-06-15,0.000411322944
2020-06-16,0.000410990447
2020-06-17,0.000410821157
2020-06-18,0.000411032303
2020-06-19,0.000411015655
2020-06-20,0.000411090328
2020-06-21,0.000411067171
2020-06-22,0.000411459857
2020-06-23,0.000411394183
2020-06-24,0.000411393662
2020-06-25,0.000411215321
2020-06-26,0.000411065748
2020-06-27,0.000411061087
2020-06-28,0.000410748118
2020-06-29,0.000410904035
2020-06-30,0.000411197996
2020-07-01,0.000411999627
2020-07-02,0.000411803807
2020-07-03,0.000411270046
2020-07-04,0.000410832419
2020-07-05,0.000410976163
2020-07-06,0.000411141335
2020-07-07,0.000411210616
2020-07-08,0.000411424097
2020-07-09,0.000411254515
2020-07-10,0.000411447123
2020-07-11,0.000411635181
2020-07-12,0.00041145544
2020-07-13,0.000411291026
2020-07-14,0.000411705653
2020-07-15,0.000411931608
2020-07-16,0.000411583098
2020-07-17,0.000411470051
2020-07-18,0.000411385795
2020-07-19,0.000411415726
2020-07-20,0.00041138223
2020-07-21,0.000411263178
2020-07-22,0.000411368542
2020-07-23,0.000411201967
2020-07-24,0.00041115282
2020-07-25,0.000411043462
2020-07-26,0.000411422684
2020-07-27,0.00041151398
2020-07-28,0.000411505369
2020-07-29,0.000411518975
2020-07-30,0.000411225599
2020-07-31,0.000411666277
2020-08-01,0.000411774486
2020-08-02,0.000411844643
2020-08-03,0.000411288039
2020-08-04,0.000411163106
2020-08-05,0.000411244984
2020-08-06,0.000411062577
2020-08-07,0.000410896054
2020-08-08,0.000411041454
2020-08-09,0.000411170938
2020-08-10,0.000410997698
2020-08-11,0.000410801158
2020-08-12,0.000410445206
2020-08-13,0.000411018591
2020-08-14,0.000411074708
2020-08-15,0.000410924634
2020-08-16,0.000410773971
2020-08-17,0.000410775375
2020-08-18,0.000410818053
2020-08-19,0.000410818031
2020-08-20,0.00041112018
2020-08-21,0.000410857203
2020-08-22,0.000410934339
2020-08-23,0.000411575385
2020-08-24,0.000411034359
2020-08-25,0.000410592716
2020-08-26,0.000410480152
2020-08-27,0.00041077177
2020-08-28,0.000410358906
2020-08-29,0.000410390796
2020-08-30,0.000410152071
2020-08-31,0.000410365631
2020-09-01,0.000410801613
2020-09-02,0.000410633887
2020-09-03,0.000410730174
2020-09-04,0.000410730273
2020-09-05,0.000410943821
2020-09-06,0.000410761362
2020-09-07,0.000410323772
2020-09-08,0.000410555311
2020-09-09,0.000410572794
2020-09-10,0.000410665147
2020-09-11,0.000410499722
2020-09-12,0.000410481905
2020-09-13,0.00041047515
2020-09-14,0.0004103783
2020-09-15,0.000410524208
2020-09-16,0.000410757457
2020-09-17,0.00041086434
2020-09-18,0.000410809997
2020-09-19,0.000410990163
2020-09-20,0.000410763998
2020-09-21,0.000410619019
2020-09-22,0.000410461639
2020-09-23,0.000410763501
2020-09-24,0.000410733053
2020-09-25,0.000410736787
2020-09-26,0.000410609646
2020-09-27,0.000410643889
2020-09-28,0.000410527784
2020-09-29,0.000410937509
2020-09-30,0.000411423907
2020-10-01,0.000411445159
2020-10-02,0.000411262236
2020-10-03,0.000411303548
2020-10-04,0.000411546429
2020-10-05,0.000411721537
2020-10-06,0.000411647314
2020-10-07,0.000411682296
2020-10-08,0.000412024861
2020-10-09,0.000411633158
2020-10-10,0.000411380083
2020-10-11,0.000411215607
2020-10-12,0.000411342633
2020-10-13,0.000411292199
2020-10-14,0.000411547226
2020-10-15,0.000411899632
2020-10-16,0.000412097774
2020-10-17,0.000412209692
2020-10-18,0.000412258517
2020-10-19,0.000412059604
2020-10-20,0.000411965208
2020-10-21,0.000412201158
2020-10-22,0.000412038255
2020-10-23,0.000412403155
2020-10-24,0.000411814387
2020-10-25,0.00041220022
2020-10-26,0.000412456108
2020-10-27,0.000412157509
2020-10-28,0.000412249025
2020-10-29,0.000412365648
2020-10-30,0.000412181645
2020-10-31,0.000412544124
2020-11-01,0.000412819527
2020-11-02,0.000412362191
2020-11-03,0.000412224174
2020-11-04,0.000411854211
2020-11-05,0.000411643866
2020-11-06,0.000411239495
2020-11-07,0.00041178254
2020-11-08,0.000411630646
2020-11-09,0.00041175867
2020-11-10,0.000411677841
2020-11-11,0.000412152326
2020-11-12,0.000412845366
2020-11-13,0.0004127645
2020-11-14,0.000412482958
2020-11-15,0.00041282125
2020-11-16,0.000412893798
2020-11-17,0.000412911544
2020-11-18,0.00041262495
2020-11-19,0.000412193779
2020-11-20,0.000412372001
2020-11-21,0.000412793605
2020-11-22,0.000413213894
2020-11-23,0.000413054989
2020-11-24,0.000413244347
2020-11-25,0.000412957538
2020-11-26,0.000413150917
2020-11-27,0.000413389541
2020-11-28,0.00041317918
2020-11-29,0.00041345158
2020-11-30,0.000413263715
2020-12-01,0.000413050982
2020-12-02,0.000413037677
2020-12-03,0.000413125457
2020-12-04,0.000413172457
2020-12-05,0.000413603505
2020-12-06,0.000413788193
2020-12-07,0.000413751696
2020-12-08,0.000413634232
2020-12-09,0.000413704078
2020-12-10,0.000413608562
2020-12-11,0.000413809737
2020-12-12,0.00041402691
2020-12-13,0.000414721511
2020-12-14,0.00041407767
2020-12-15,0.00041401587
2020-12-16,0.000414177335
2020-12-17,0.000414244867
2020-12-18,0.000414123155
2020-12-19,0.000414164843
2020-12-20,0.000414045475
2020-12-21,0.000413822322
2020-12-22,0.000413523987
2020-12-23,0.000413596224
2020-12-24,0.00041402696
2020-12-25,0.000414465823
2020-12-26,0.000414285968
2020-12-27,0.000413920124
2020-12-28,0.000413931942
2020-12-29,0.000414285171
2020-12-30,0.000414035149
2020-12-31,0.000413929847
2021-01-01,0.000413865494
2021-01-02,0.000414171478
2021-01-03,0.000414023824
2021-01-04,0.000413947427
2021-01-05,0.000413999065
2021-01-06,0.000414262936
2021-01-07,0.000413888123
2021-01-08,0.000413699419
2021-01-09,0.000413754006
2021-01-10,0.000414116578
2021-01-11,0.000414484694
2021-01-12,0.000414826533
2021-01-13,0.000414160729
2021-01-14,0.000414145936
2021-01-15,0.000414398913
2021-01-16,0.000414139171
2021-01-17,0.000414490005
2021-01-18,0.000414570457
2021-01-19,0.000414402882
2021-01-20,0.000414654801
2021-01-21,0.000414331867
2021-01-22,0.000413626457
2021-01-23,0.000413650096
2021-01-24,0.000413870518
2021-01-25,0.000414187515
2021-01-26,0.000414130816
2021-01-27,0.000414239966
2021-01-28,0.000414498494
2021-01-29,0.000414331155
2021-01-30,0.00041387505
2021-01-31,0.000413975633
2021-02-01,0.00041414492
2021-02-02,0.000414298604
2021-02-03,0.000414390278
2021-02-04,0.00041455759
2021-02-05,0.000414749389
2021-02-06,0.000415284544
2021-02-07,0.000415594788
2021-02-08,0.00041529218
2021-02-09,0.000414963688
2021-02-10,0.000415173231
2021-02-11,0.000415557914
2021-02-12,0.00041580925
2021-02-13,0.000415836073
2021-02-14,0.00041595792
2021-02-15,0.000415840852
2021-02-16,0.000415904432
2021-02-17,0.000416113671
2021-02-18,0.000416347866
2021-02-19,0.00041643487
2021-02-20,0.000416403524
2021-02-21,0.000415848058
2021-02-22,0.000415923778
2021-02-23,0.000415690821
2021-02-24,0.000415376994
2021-02-25,0.000415487185
2021-02-26,0.000415691926
2021-02-27,0.000415598444
2021-02-28,0.000415714369
2021-03-01,0.000416222545
2021-03-02,0.000416045402
2021-03-03,0.00041541136
2021-03-04,0.000415078459
2021-03-05,0.000415164452
2021-03-06,0.000415117922
2021-03-07,0.0004151298
2021-03-08,0.000415329613
2021-03-09,0.000415667981
2021-03-10,0.000415734197
2021-03-11,0.000416022504
2021-03-12,0.000416298779
2021-03-13,0.000415856116
2021-03-14,0.0004151486
2021-03-15,0.000414993972
2021-03-16,0.000415238748
2021-03-17,0.000415316175
2021-03-18,0.000415349254
2021-03-19,0.000415127868
2021-03-20,0.000415025474
2021-03-21,0.000414563036
2021-03-22,0.000414393255
2021-03-23,0.000414553952
2021-03-24,0.00041459403
2021-03-25,0.000414474896
2021-03-26,0.000414342899
2021-03-27,0.000414760659
2021-03-28,0.000414739044
2021-03-29,0.000414630297
2021-03-30,0.000414872966
2021-03-31,0.000414940828
2021-04-01,0.000415317712
2021-04-02,0.000414782159
2021-04-03,0.000414442184
2021-04-04,0.000414481888
2021-04-05,0.000414750413
2021-04-06,0.0004147031
2021-04-07,0.000414294758
2021-04-08,0.000414578621
2021-04-09,0.000414373189
2021-04-10,0.000414301817
2021-04-11,0.000414597262
2021-04-12,0.000414828326
2021-04-13,0.000414891603
2021-04-14,0.00041479686
2021-04-15,0.000414885077
2021-04-16,0.000415171276
2021-04-17,0.00041548961
2021-04-18,0.00041572413
2021-04-19,0.000415560021
2021-04-20,0.000415412676
2021-04-21,0.000415315949
2021-04-22,0.000415572275
2021-04-23,0.000416104659
2021-04-24,0.000415879369
2021-04-25,0.000414987823
2021-04-26,0.000414535789
2021-04-27,0.000414437871
2021-04-28,0.000413942241
2021-04-29,0.000413979499
2021-04-30,0.000413744961
2021-05-01,0.000414256017
2021-05-02,0.000413736163
2021-05-03,0.00041378373
2021-05-04,0.000413828967
2021-05-05,0.00041385051
2021-05-06,0.000413997297
2021-05-07,0.000414265848
2021-05-08,0.000414247824
2021-05-09,0.000414188565
2021-05-10,0.000413900256
2021-05-11,0.000413605272
2021-05-12,0.000413681534
2021-05-13,0.000413536016
2021-05-14,0.000413615662
2021-05-15,0.000413922654
2021-05-16,0.000413965431
2021-05-17,0.000414397134
2021-05-18,0.000414773456
2021-05-19,0.000414985619
2021-05-20,0.000414991145
2021-05-21,0.00041454983
2021-05-22,0.00041426016
2021-05-23,0.000414499332
2021-05-24,0.000414653894
2021-05-25,0.000414222856
2021-05-26,0.00041434817
2021-05-27,0.000414198175
2021-05-28,0.000413842849
2021-05-29,0.000414013182
2021-05-30,0.000414248755
2021-05-31,0.000414387517
2021-06-01,0.000414304632
2021-06-02,0.00041401715
2021-06-03,0.000413880751
2021-06-04,0.000413808643
2021-06-05,0.000413918963
2021-06-06,0.00041409604
2021-06-07,0.000413983219
2021-06-08,0.000413908075
2021-06-09,0.000413712484
2021-06-10,0.000413588907
2021-06-11,0.000413407295
2021-06-12,0.000413705811
2021-06-13,0.000413640105
2021-06-14,0.000413551717
2021-06-15,0.000413575186
2021-06-16,0.000413510375
2021-06-17,0.000413602106
2021-06-18,0.000413848743
2021-06-19,0.00041391181
2021-06-20,0.000413865046
2021-06-21,0.000413635819
2021-06-22,0.00041385375
2021-06-23,0.000413631143
2021-06-24,0.000413480685
2021-06-25,0.000413894907
2021-06-26,0.000413952714
2021-06-27,0.000413964648
2021-06-28,0.000413642702
2021-06-29,0.000413906403
2021-06-30,0.000413751893
2021-07-01,0.000413777558
2021-07-02,0.000413426115
2021-07-03,0.000413261206
2021-07-04,0.000413156462
2021-07-05,0.000413311122
2021-07-06,0.000413330327
2021-07-07,0.000413159826
2021-07-08,0.000413275061
2021-07-09,0.000413638752
2021-07-10,0.000413621533
2021-07-11,0.000413481046
2021-07-12,0.000413792717
2021-07-13,0.000413545827
2021-07-14,0.00041370807
2021-07-15,0.000413719034
2021-07-16,0.000413840473
2021-07-17,0.000413929813
2021-07-18,0.000413488446
2021-07-19,0.000413075934
2021-07-20,0.000413254793
2021-07-21,0.000413153982
2021-07-22,0.000413457874
2021-07-23,0.000413556261
2021-07-24,0.000413794499
2021-07-25,0.000413730636
2021-07-26,0.000413651394
2021-07-27,0.000413930062
2021-07-28,0.000413483095
2021-07-29,0.000413051626
2021-07-30,0.000413065126
2021-07-31,0.000413166159
2021-08-01,0.00041327918
2021-08-02,0.0004133286
2021-08-03,0.000413625299
2021-08-04,0.000413434918
2021-08-05,0.000413170036
2021-08-06,0.000413126693
2021-08-07,0.000413249216
2021-08-08,0.000413195041
2021-08-09,0.000413080036
2021-08-10,0.00041305582
2021-08-11,0.000412813509
2021-08-12,0.000412682276
2021-08-13,0.000412554847
2021-08-14,0.000413198504
2021-08-15,0.000412746396
2021-08-16,0.000411891775
2021-08-17,0.000412103715
2021-08-18,0.000412233075
2021-08-19,0.000412385577
2021-08-20,0.000412610806
2021-08-21,0.000413026463
2021-08-22,0.000412684886
2021-08-23,0.000412790388
2021-08-24,0.000412842752
2021-08-25,0.000413080505
2021-08-26,0.00041308652
2021-08-27,0.000412571274
2021-08-28,0.000412534426
2021-08-29,0.00041251239
2021-08-30,0.000412422073
2021-08-31,0.000412631621
2021-09-01,0.000412509728
2021-09-02,0.000412544406
2021-09-03,0.000412441036
2021-09-04,0.000412571968
2021-09-05,0.000412354497
2021-09-06,0.000412560471
2021-09-07,0.000412695561
2021-09-08,0.000412773561
2021-09-09,0.000413076685
2021-09-10,0.00041288542
2021-09-11,0.000412847791
2021-09-12,0.000412905147
2021-09-13,0.00041318907
2021-09-14,0.000413176312
2021-09-15,0.000413210581
2021-09-16,0.000413376641
2021-09-17,0.000413487025
2021-09-18,0.000413343686
2021-09-19,0.000413318374
2021-09-20,0.000413245206
2021-09-21,0.00041331362
2021-09-22,0.000413294101
2021-09-23,0.000413325587
2021-09-24,0.000413547633
2021-09-25,0.000413578247
2021-09-26,0.000413452326
2021-09-27,0.000413432087
2021-09-28,0.000413546514
2021-09-29,0.000413517368
2021-09-30,0.000413934312
2021-10-01,0.000413993929
2021-10-02,0.000413863987
2021-10-03,0.000414041091
2021-10-04,0.000413819524
2021-10-05,0.000413912404
2021-10-06,0.000413785814
2021-10-07,0.000414050823
2021-10-08,0.000414069109
2021-10-09,0.000413890817
2021-10-10,0.000413749648
2021-10-11,0.000413849824
2021-10-12,0.000413844509
2021-10-13,0.000413622705
2021-10-14,0.000413878048
2021-10-15,0.000414102625
2021-10-16,0.000414380933
2021-10-17,0.00041467926
2021-10-18,0.000414860417
2021-10-19,0.000414809364
2021-10-20,0.000414783867
2021-10-21,0.000414329438
2021-10-22,0.000414313313
2021-10-23,0.000414246199
2021-10-24,0.00041394103
2021-10-25,0.000414452799
2021-10-26,0.000414336116
2021-10-27,0.000414574653
2021-10-28,0.000414826512
2021-10-29,0.000414980779
2021-10-30,0.000414918422
2021-10-31,0.000414533998
2021-11-01,0.000414214436
2021-11-02,0.000413906252
2021-11-03,0.000414071775
2021-11-04,0.000413873497
2021-11-05,0.000413928069
2021-11-06,0.000414238798
2021-11-07,0.000414617315
2021-11-08,0.000414482419
2021-11-09,0.000414034201
2021-11-10,0.000414542026
2021-11-11,0.000415011144
2021-11-12,0.000414640876
2021-11-13,0.000414992319
2021-11-14,0.000414906528
2021-11-15,0.000415283031
2021-11-16,0.000415692513
2021-11-17,0.000415583297
2021-11-18,0.000415244105
2021-11-19,0.000415406665
2021-11-20,0.000415795597
2021-11-21,0.000416300272
2021-11-22,0.000415790877
2021-11-23,0.000415187752
2021-11-24,0.000414847132
2021-11-25,0.000414958693
2021-11-26,0.000415307587
2021-11-27,0.00041578911
2021-11-28,0.000415659627
2021-11-29,0.000415723425
2021-11-30,0.000415696323
2021-12-01,0.000415696976
2021-12-02,0.000415908577
2021-12-03,0.000415875225
2021-12-04,0.000415539645
2021-12-05,0.00041583625
2021-12-06,0.000415745515
2021-12-07,0.000416166682
2021-12-08,0.000416161773
2021-12-09,0.000416047563
2021-12-10,0.000416084104
2021-12-11,0.000415841909
2021-12-12,0.0004157045
2021-12-13,0.000415875315
2021-12-14,0.000415967493
2021-12-15,0.000416041222
2021-12-16,0.000415909911
2021-12-17,0.000415988326
2021-12-18,0.000415940303
2021-12-19,0.000415867736
2021-12-20,0.000416166929
2021-12-21,0.000416049096
2021-12-22,0.000415894001
2021-12-23,0.000416004231
2021-12-24,0.000416080758
2021-12-25,0.000416037382
2021-12-26,0.000415636927
2021-12-27,0.00041537783
2021-12-28,0.00041549422
2021-12-29,0.000415870436
2021-12-30,0.000416510555
2021-12-31,0.000416834265
2022-01-01,0.000416300824
2022-01-02,0.000415909188
2022-01-03,0.000416346197
2022-01-04,0.00041687465
2022-01-05,0.000416615338
2022-01-06,0.000416700987
2022-01-07,0.000416951272
2022-01-08,0.00041709803
2022-01-09,0.000417474612
2022-01-10,0.000417197855
2022-01-11,0.00041693559
2022-01-12,0.000416914647
2022-01-13,0.000417059623
2022-01-14,0.000416689811
2022-01-15,0.000416319505
2022-01-16,0.000416428539
2022-01-17,0.000416583389
2022-01-18,0.00041693045
2022-01-19,0.000417058109
2022-01-20,0.000416984077
2022-01-21,0.000417407046
2022-01-22,0.000417331097
2022-01-23,0.000416540147
2022-01-24,0.000416144575
2022-01-25,0.000416328389
2022-01-26,0.000416434365
2022-01-27,0.000416800999
2022-01-28,0.000417026213
2022-01-29,0.000416732364
2022-01-30,0.000416722568
2022-01-31,0.000416823173
2022-02-01,0.000417034634
2022-02-02,0.000417395978
2022-02-03,0.000417468879
2022-02-04,0.000417183485
2022-02-05,0.000417396952
2022-02-06,0.000417551165
2022-02-07,0.000417342296
2022-02-08,0.000417131138
2022-02-09,0.00041715282
2022-02-10,0.000417247915
2022-02-11,0.000417450409
2022-02-12,0.000417432552
2022-02-13,0.000417418347
2022-02-14,0.000417447617
2022-02-15,0.000417958368
2022-02-16,0.000417544925
2022-02-17,0.000417510886
2022-02-18,0.000418215164
2022-02-19,0.000418413071
2022-02-20,0.00041846358
2022-02-21,0.000418574733
2022-02-22,0.000418364143
2022-02-23,0.000418302376
2022-02-24,0.000418418822
2022-02-25,0.000418411618
2022-02-26,0.000417759439
2022-02-27,0.000417719615
2022-02-28,0.000417459891
