system:index,Percent,.geo
0,61.56270980096905,"{""type"":""MultiPoint"",""coordinates"":[]}"
1,61.41891250579435,"{""type"":""MultiPoint"",""coordinates"":[]}"
2,61.02325031378001,"{""type"":""MultiPoint"",""coordinates"":[]}"
3,60.65103482638856,"{""type"":""MultiPoint"",""coordinates"":[]}"
4,60.14092605377931,"{""type"":""MultiPoint"",""coordinates"":[]}"
5,59.96720802155853,"{""type"":""MultiPoint"",""coordinates"":[]}"
6,59.68929596403251,"{""type"":""MultiPoint"",""coordinates"":[]}"
7,59.11280034727228,"{""type"":""MultiPoint"",""coordinates"":[]}"
8,58.58937991070111,"{""type"":""MultiPoint"",""coordinates"":[]}"
9,57.735115481176514,"{""type"":""MultiPoint"",""coordinates"":[]}"
10,56.263575186617764,"{""type"":""MultiPoint"",""coordinates"":[]}"
11,54.98514525014109,"{""type"":""MultiPoint"",""coordinates"":[]}"
12,54.15846913235003,"{""type"":""MultiPoint"",""coordinates"":[]}"
13,53.170051901628256,"{""type"":""MultiPoint"",""coordinates"":[]}"
14,52.01401860166115,"{""type"":""MultiPoint"",""coordinates"":[]}"
15,50.91778583062718,"{""type"":""MultiPoint"",""coordinates"":[]}"
16,50.6364326964162,"{""type"":""MultiPoint"",""coordinates"":[]}"
17,50.30095738510932,"{""type"":""MultiPoint"",""coordinates"":[]}"
18,49.15739686363025,"{""type"":""MultiPoint"",""coordinates"":[]}"
19,48.12351054972416,"{""type"":""MultiPoint"",""coordinates"":[]}"
20,47.547092246607995,"{""type"":""MultiPoint"",""coordinates"":[]}"
21,47.284716021746746,"{""type"":""MultiPoint"",""coordinates"":[]}"
22,46.874865354192956,"{""type"":""MultiPoint"",""coordinates"":[]}"
23,46.12648837802736,"{""type"":""MultiPoint"",""coordinates"":[]}"
24,45.983717208856426,"{""type"":""MultiPoint"",""coordinates"":[]}"
25,45.99073569200217,"{""type"":""MultiPoint"",""coordinates"":[]}"
26,45.489120947155456,"{""type"":""MultiPoint"",""coordinates"":[]}"
27,45.8147944882468,"{""type"":""MultiPoint"",""coordinates"":[]}"
28,46.04301136562645,"{""type"":""MultiPoint"",""coordinates"":[]}"
29,45.86596738738068,"{""type"":""MultiPoint"",""coordinates"":[]}"
30,45.716931554095616,"{""type"":""MultiPoint"",""coordinates"":[]}"
31,45.68632578793107,"{""type"":""MultiPoint"",""coordinates"":[]}"
32,45.55181632521243,"{""type"":""MultiPoint"",""coordinates"":[]}"
33,45.32809306124213,"{""type"":""MultiPoint"",""coordinates"":[]}"
34,45.169405634422915,"{""type"":""MultiPoint"",""coordinates"":[]}"
35,44.853064319953795,"{""type"":""MultiPoint"",""coordinates"":[]}"
