system:index,Percent,.geo
0,19.71339828031654,"{""type"":""MultiPoint"",""coordinates"":[]}"
1,19.61069476728249,"{""type"":""MultiPoint"",""coordinates"":[]}"
2,19.29655440880201,"{""type"":""MultiPoint"",""coordinates"":[]}"
3,18.80398067641811,"{""type"":""MultiPoint"",""coordinates"":[]}"
4,18.623025004667674,"{""type"":""MultiPoint"",""coordinates"":[]}"
5,18.579003517156362,"{""type"":""MultiPoint"",""coordinates"":[]}"
6,18.370693335862068,"{""type"":""MultiPoint"",""coordinates"":[]}"
7,18.260504709905142,"{""type"":""MultiPoint"",""coordinates"":[]}"
8,18.273348999901348,"{""type"":""MultiPoint"",""coordinates"":[]}"
9,18.101600032564306,"{""type"":""MultiPoint"",""coordinates"":[]}"
10,17.865089270441604,"{""type"":""MultiPoint"",""coordinates"":[]}"
11,17.775748616771182,"{""type"":""MultiPoint"",""coordinates"":[]}"
12,17.529813205793833,"{""type"":""MultiPoint"",""coordinates"":[]}"
13,17.3428620463033,"{""type"":""MultiPoint"",""coordinates"":[]}"
14,17.176888918346645,"{""type"":""MultiPoint"",""coordinates"":[]}"
15,16.92573858831786,"{""type"":""MultiPoint"",""coordinates"":[]}"
16,16.921995376048514,"{""type"":""MultiPoint"",""coordinates"":[]}"
17,16.704308020899234,"{""type"":""MultiPoint"",""coordinates"":[]}"
18,16.51401757950953,"{""type"":""MultiPoint"",""coordinates"":[]}"
19,16.588281727466363,"{""type"":""MultiPoint"",""coordinates"":[]}"
20,16.627079908111277,"{""type"":""MultiPoint"",""coordinates"":[]}"
21,16.638465783711677,"{""type"":""MultiPoint"",""coordinates"":[]}"
22,16.659028332575694,"{""type"":""MultiPoint"",""coordinates"":[]}"
23,16.564813407022523,"{""type"":""MultiPoint"",""coordinates"":[]}"
24,16.581006526988283,"{""type"":""MultiPoint"",""coordinates"":[]}"
25,16.56931505065121,"{""type"":""MultiPoint"",""coordinates"":[]}"
26,16.443250474459685,"{""type"":""MultiPoint"",""coordinates"":[]}"
27,16.48467849293751,"{""type"":""MultiPoint"",""coordinates"":[]}"
28,16.474015708421337,"{""type"":""MultiPoint"",""coordinates"":[]}"
29,16.45650438358471,"{""type"":""MultiPoint"",""coordinates"":[]}"
30,16.474724872470787,"{""type"":""MultiPoint"",""coordinates"":[]}"
31,16.490701136993234,"{""type"":""MultiPoint"",""coordinates"":[]}"
32,16.486641659955644,"{""type"":""MultiPoint"",""coordinates"":[]}"
33,16.55032194999913,"{""type"":""MultiPoint"",""coordinates"":[]}"
34,16.66017792676881,"{""type"":""MultiPoint"",""coordinates"":[]}"
35,16.683653688602725,"{""type"":""MultiPoint"",""coordinates"":[]}"
